name	a	b	gcd_z	mod_admissible	mod_degree	degrees
boundary_monomial_const_d7	9223372036854775809,0,0,0,0,0,0,1	9223372036854775810,0,0,0,0,0,0,1	1	1	0	7,7
boundary_monomial_noconst_d7	0,0,0,0,0,0,0,1	0,0,0,2147483647,0,0,0,1	0,0,0,1	1	7	7,7
boundary_lead_p_d7	1,0,0,0,0,0,0,2147483647	2,0,0,0,0,0,0,2147483647	1	0	-1	7,7
boundary_monomial_const_d8	9223372036854775809,0,0,0,0,0,0,0,1	9223372036854775810,0,0,0,0,0,0,0,1	1	1	0	8,8
boundary_monomial_noconst_d8	0,0,0,0,0,0,0,0,1	0,0,0,2147483647,0,0,0,0,1	0,0,0,1	1	8	8,8
boundary_lead_p_d8	1,0,0,0,0,0,0,0,2147483647	2,0,0,0,0,0,0,0,2147483647	1	0	-1	8,8
boundary_monomial_const_d9	9223372036854775809,0,0,0,0,0,0,0,0,1	9223372036854775810,0,0,0,0,0,0,0,0,1	1	1	0	9,9
boundary_monomial_noconst_d9	0,0,0,0,0,0,0,0,0,1	0,0,0,2147483647,0,0,0,0,0,1	0,0,0,1	1	9	9,9
boundary_lead_p_d9	1,0,0,0,0,0,0,0,0,2147483647	2,0,0,0,0,0,0,0,0,2147483647	1	0	-1	9,9
boundary_monomial_const_d31	9223372036854775809,0,0,0,0,0,0,0,0,0,0,0,0,0,0,0,0,0,0,0,0,0,0,0,0,0,0,0,0,0,0,1	9223372036854775810,0,0,0,0,0,0,0,0,0,0,0,0,0,0,0,0,0,0,0,0,0,0,0,0,0,0,0,0,0,0,1	1	1	0	31,31
boundary_monomial_noconst_d31	0,0,0,0,0,0,0,0,0,0,0,0,0,0,0,0,0,0,0,0,0,0,0,0,0,0,0,0,0,0,0,1	0,0,0,2147483647,0,0,0,0,0,0,0,0,0,0,0,0,0,0,0,0,0,0,0,0,0,0,0,0,0,0,0,1	0,0,0,1	1	31	31,31
boundary_lead_p_d31	1,0,0,0,0,0,0,0,0,0,0,0,0,0,0,0,0,0,0,0,0,0,0,0,0,0,0,0,0,0,0,2147483647	2,0,0,0,0,0,0,0,0,0,0,0,0,0,0,0,0,0,0,0,0,0,0,0,0,0,0,0,0,0,0,2147483647	1	0	-1	31,31
boundary_monomial_const_d32	9223372036854775809,0,0,0,0,0,0,0,0,0,0,0,0,0,0,0,0,0,0,0,0,0,0,0,0,0,0,0,0,0,0,0,1	9223372036854775810,0,0,0,0,0,0,0,0,0,0,0,0,0,0,0,0,0,0,0,0,0,0,0,0,0,0,0,0,0,0,0,1	1	1	0	32,32
boundary_monomial_noconst_d32	0,0,0,0,0,0,0,0,0,0,0,0,0,0,0,0,0,0,0,0,0,0,0,0,0,0,0,0,0,0,0,0,1	0,0,0,2147483647,0,0,0,0,0,0,0,0,0,0,0,0,0,0,0,0,0,0,0,0,0,0,0,0,0,0,0,0,1	0,0,0,1	1	32	32,32
boundary_lead_p_d32	1,0,0,0,0,0,0,0,0,0,0,0,0,0,0,0,0,0,0,0,0,0,0,0,0,0,0,0,0,0,0,0,2147483647	2,0,0,0,0,0,0,0,0,0,0,0,0,0,0,0,0,0,0,0,0,0,0,0,0,0,0,0,0,0,0,0,2147483647	1	0	-1	32,32
boundary_monomial_const_d33	9223372036854775809,0,0,0,0,0,0,0,0,0,0,0,0,0,0,0,0,0,0,0,0,0,0,0,0,0,0,0,0,0,0,0,0,1	9223372036854775810,0,0,0,0,0,0,0,0,0,0,0,0,0,0,0,0,0,0,0,0,0,0,0,0,0,0,0,0,0,0,0,0,1	1	1	0	33,33
boundary_monomial_noconst_d33	0,0,0,0,0,0,0,0,0,0,0,0,0,0,0,0,0,0,0,0,0,0,0,0,0,0,0,0,0,0,0,0,0,1	0,0,0,2147483647,0,0,0,0,0,0,0,0,0,0,0,0,0,0,0,0,0,0,0,0,0,0,0,0,0,0,0,0,0,1	0,0,0,1	1	33	33,33
boundary_lead_p_d33	1,0,0,0,0,0,0,0,0,0,0,0,0,0,0,0,0,0,0,0,0,0,0,0,0,0,0,0,0,0,0,0,0,2147483647	2,0,0,0,0,0,0,0,0,0,0,0,0,0,0,0,0,0,0,0,0,0,0,0,0,0,0,0,0,0,0,0,0,2147483647	1	0	-1	33,33
width_63_coprime	9223372036854775807,0,0,0,0,0,0,0,1	9223372036854775807,2147483647,0,0,0,0,0,0,1	1	1	8	8,8
width_63_shared	9223372036854775807,9223372036854775807,0,0,0,0,0,0,1,1	9223372036854775806,9223372036854775806,0,0,0,0,0,0,1,1	1,1	1	1	9,9
width_64_coprime	18446744073709551615,0,0,0,0,0,0,0,1	18446744073709551615,2147483647,0,0,0,0,0,0,1	1	1	8	8,8
width_64_shared	18446744073709551615,18446744073709551615,0,0,0,0,0,0,1,1	18446744073709551614,18446744073709551614,0,0,0,0,0,0,1,1	1,1	1	1	9,9
width_65_coprime	36893488147419103231,0,0,0,0,0,0,0,1	36893488147419103231,2147483647,0,0,0,0,0,0,1	1	1	8	8,8
width_65_shared	36893488147419103231,36893488147419103231,0,0,0,0,0,0,1,1	36893488147419103230,36893488147419103230,0,0,0,0,0,0,1,1	1,1	1	1	9,9
width_126_coprime	85070591730234615865843651857942052863,0,0,0,0,0,0,0,1	85070591730234615865843651857942052863,2147483647,0,0,0,0,0,0,1	1	1	8	8,8
width_126_shared	85070591730234615865843651857942052863,85070591730234615865843651857942052863,0,0,0,0,0,0,1,1	85070591730234615865843651857942052862,85070591730234615865843651857942052862,0,0,0,0,0,0,1,1	1,1	1	1	9,9
width_127_coprime	170141183460469231731687303715884105727,0,0,0,0,0,0,0,1	170141183460469231731687303715884105727,2147483647,0,0,0,0,0,0,1	1	1	8	8,8
width_127_shared	170141183460469231731687303715884105727,170141183460469231731687303715884105727,0,0,0,0,0,0,1,1	170141183460469231731687303715884105726,170141183460469231731687303715884105726,0,0,0,0,0,0,1,1	1,1	1	1	9,9
dense_0	41176,-77264,23304,-64394,80364,-30363,24354,-34745,55767	63056,-55111,80649,-14114,49955,-20073,37078,-19394,65706	1	1	0	8,8
dense_1	41869,-14871,61344,-62038,74058,-83862,87796,-42984,47470,-15307	-20762,78463,-83471,13373,-27687,61195,-46982,21961,-59837,856,-49877,17923	1	1	0	9,11
dense_2	69599,-52621,68238,-21263,2339,-84968,27841,-62369,66273,-57802,55901	81740,-67155,22308,-81254,11567,-22900,58957,-67070,43619,-83594	1	1	0	10,9
dense_3	28364,-32672,5885,-63793,7438,-22348,39200,-42795,15722,-63762,42648,-16389	-31548,84434,-28014,64787,-61730,28406,-36225,81229,-65533,89100,-73650,8215,-46204	1	1	0	11,12
dense_4	5610,-9860,69262,-38883,13289,-60161,28014,-37201,10082	20447,-72907,36252,-75977,10455,-88584,43477,-10931,14751,-57480,59348	1	1	0	8,10
dense_5	57586,-30625,38580,-75723,83453,-41179,60804,-47666,44623,-73781	-52508,65617,-50860,15667,-66594,22302,-28313,63554,-32944	1	1	0	9,8
dense_6	56121,-63290,65255,-3150,53370,-50409,34124,-71257,47087,-88872,3386	4015,-61862,10009,-28707,85709,-77881,45280,-61661,55969,-9485,80199,-32966	1	1	0	10,11
dense_7	416,-69854,1885,-88701,1893,-2814,4852,-71157,27680,-73774,35522,-18815	-13403,82778,-72891,5,-48306,1924,-55265,66653,-9302,55689	1	1	0	11,9
dense_8	2568,-75588,59089,-45449,61071,-86496,81634,-47593,47577	11095,-47904,23488,-40561,16148,-15323,23247,-42690,49367,-23470,26986,-26589,72973	1	1	0	8,12
dense_9	48763,-34984,23880,-30714,29635,-65640,28125,-23032,26959,-48035	-58589,44914,-60748,8314,-35752,45128,-20080,54157,-64867,26662,-31110	1	1	0	9,10
dense_10	21691,-61849,10927,-60581,68858,-28367,55639,-10621,28324,-16730,56723	47111,-45327,82150,-89125,53376,-31545,6580,-42306,39831	1	1	0	10,8
dense_11	46122,-87019,76715,-29147,34179,-42713,73561,-63990,86941,-47866,46602,-21612	-35839,47376,-24020,15317,-28415,18768,-69930,32870,-58591,17903,-62865,22653	1	1	0	11,11
shared_struct_0	11,11,0,0,0,0,0,0,1,1	17,17,0,0,0,0,0,0,0,1,1	1,1	1	1	9,10
shared_struct_1	-12,12,0,0,0,0,0,0,0,-1,1	-18,18,0,0,0,0,0,0,0,0,-1,1	-1,1	1	1	10,11
shared_struct_2	0,13,0,0,0,0,0,0,0,0,0,1	0,19,0,0,0,0,0,0,0,0,0,0,1	0,1	1	1	11,12
shared_struct_3	14,0,14,0,0,0,0,0,1,0,1	20,0,20,0,0,0,0,0,0,1,0,1	1,0,1	1	2	10,11
shared_struct_4	15,15,15,0,0,0,0,0,0,1,1,1	21,21,21,0,0,0,0,0,0,0,1,1,1	1,1,1	1	2	11,12
shared_struct_5	48,32,0,0,0,0,0,0,0,0,3,2	66,44,0,0,0,0,0,0,0,0,0,3,2	3,2	1	1	11,12
shared_struct_6	17,34,0,17,0,0,0,0,1,2,0,1	23,46,0,23,0,0,0,0,0,1,2,0,1	1,2,0,1	1	3	11,12
shared_struct_7	18,36,18,0,0,0,0,0,0,1,2,1	24,48,24,0,0,0,0,0,0,0,1,2,1	1,2,1	1	2	11,12
shared_struct_8	19,0,38,0,19,0,0,0,0,0,1,0,2,0,1	25,0,50,0,25,0,0,0,0,0,0,1,0,2,0,1	1,0,2,0,1	1	4	14,15
shared_struct_9	0,0,0,20,0,0,0,0,0,0,0,1	0,0,0,26,0,0,0,0,0,0,0,0,1	0,0,0,1	1	3	11,12
shared_struct_10	147,42,63,0,0,0,0,0,0,7,2,3	189,54,81,0,0,0,0,0,0,0,7,2,3	7,2,3	1	2	11,12
unlucky_0	484939,0,0,0,0,0,0,0,0,1	18666,2147483647,0,0,0,0,0,0,0,1	1	1	0	9,9
unlucky_1	587230,0,0,0,0,0,0,0,0,0,1	38663,0,2147483647,0,0,0,0,0,0,0,1	1	1	0	10,10
unlucky_2	314053,0,0,0,0,0,0,0,0,0,0,1	29534,0,0,2147483647,0,0,0,0,0,0,0,1	1	1	0	11,11
unlucky_3	544687,0,0,0,0,0,0,0,0,1	719538,0,0,0,2147483647,0,0,0,0,1	1	1	0	9,9
unlucky_4	107651,0,0,0,0,0,0,0,0,0,1	618657,2147483647,0,0,0,0,0,0,0,0,1	1	1	0	10,10
unlucky_5	327175,0,0,0,0,0,0,0,0,0,0,1	335137,0,2147483647,0,0,0,0,0,0,0,0,1	1	1	0	11,11
unlucky_6	472740,0,0,0,0,0,0,0,0,1	811588,0,0,2147483647,0,0,0,0,0,1	1	1	0	9,9
unlucky_7	325214,0,0,0,0,0,0,0,0,0,1	950811,0,0,0,2147483647,0,0,0,0,0,1	1	1	0	10,10
signed_content_0	332041393326771929097,0,0,0,0,0,0,0,9	-442721857769029238808,0,0,0,0,0,0,0,-12	3	1	0	8,8
signed_content_1	-221360928884514619476,0,0,0,0,0,0,0,-6	553402322211286548705,0,0,0,0,0,0,0,15	3	1	0	8,8
signed_content_2	332041393326771929331,0,0,0,0,0,0,0,9	-442721857769029239120,0,0,0,0,0,0,0,-12	3	1	0	8,8
signed_content_3	-221360928884514619632,0,0,0,0,0,0,0,-6	553402322211286549095,0,0,0,0,0,0,0,15	3	1	0	8,8
signed_content_4	332041393326771929565,0,0,0,0,0,0,0,9	-442721857769029239432,0,0,0,0,0,0,0,-12	3	1	0	8,8
signed_content_5	-221360928884514619788,0,0,0,0,0,0,0,-6	553402322211286549485,0,0,0,0,0,0,0,15	3	1	0	8,8
signed_content_6	332041393326771929799,0,0,0,0,0,0,0,9	-442721857769029239744,0,0,0,0,0,0,0,-12	3	1	0	8,8
signed_content_7	-221360928884514619944,0,0,0,0,0,0,0,-6	553402322211286549875,0,0,0,0,0,0,0,15	3	1	0	8,8
repeated_0	3,0,6,0,3,0,0,1,0,2,0,1	5,0,10,0,5,0,0,1,0,2,0,1	1,0,2,0,1	1	4	11,11
repeated_1	4,0,8,0,4,0,0,0,1,0,2,0,1	6,0,12,0,6,0,0,0,1,0,2,0,1	1,0,2,0,1	1	4	12,12
repeated_2	5,0,10,0,5,0,0,0,0,1,0,2,0,1	7,0,14,0,7,0,0,0,0,1,0,2,0,1	1,0,2,0,1	1	4	13,13
repeated_3	6,0,12,0,6,0,0,0,0,0,1,0,2,0,1	8,0,16,0,8,0,0,0,0,0,1,0,2,0,1	1,0,2,0,1	1	4	14,14
repeated_4	7,0,14,0,7,0,0,1,0,2,0,1	9,0,18,0,9,0,0,1,0,2,0,1	1,0,2,0,1	1	4	11,11
repeated_5	8,0,16,0,8,0,0,0,1,0,2,0,1	10,0,20,0,10,0,0,0,1,0,2,0,1	1,0,2,0,1	1	4	12,12
zero_left	_	1,0,0,0,0,0,0,0,1	1,0,0,0,0,0,0,0,1	0	-1	-oo,8
constant_left	7	1,0,0,0,0,0,0,0,1	1	1	0	0,8
same_poly	1,3,3,1	1,3,3,1	1,3,3,1	1	3	3,3
neg_same	-3,0,-3	6,0,6	3,0,3	1	2	2,2
unlucky_prime_nonmonomial	1,1,0,0,0,0,0,0,1	1,2147483648,0,0,0,0,0,0,1	1	1	8	8,8
large_common_nonmonic	2,3,0,0,0,0,0,0,2,3	14,21,0,0,0,0,0,0,0,2,3	2,3	1	1	9,10
