"Platform","Case","N","MeanNs","MinNs","MaxNs","Alloc","Realloc","Requested","Peak","Net"
"Linux","z_dense_d8x8_b32","3","2421.7","2385","2455","4","0","592","576","0"
"Linux","z_dense_d32x32_b128","3","86745.7","86579","86889","2148","93","89728","4576","0"
"Linux","z_dense_d64x64_b256","3","355506.7","336577","391323","8324","217","621736","13264","0"
"Linux","z_dense_d128x128_b32","3","790367.7","788968","792165","14645","0","242528","12080","0"
"Linux","z_dense_d256x256_b32","3","3387317","3217777","3677633","61506","0","1000496","24336","0"
"Linux","z_sparse_d512x512_b32","3","3694","3527","3858","1","0","32800","32800","0"
"Linux","z_monomial_d512x512_b32","3","2471.7","2435","2545","1","0","32800","32800","0"
"Linux","z_sparse_d8x256_b128","3","1309.3","1292","1343","9","0","8768","8648","0"
"Linux","z_cancellation_d64x64_b256","3","366977.3","343270","413221","8366","139","619088","13456","0"
"Linux","q_distinct_lcm_b256","3","4639","4529","4699","64","4","3336","1488","0"
"Linux","q_distinct_lcm_b511","3","5106.3","5029","5210","64","10","5488","1992","0"
"Linux","q_distinct_lcm_b512","3","4990","4890","5080","64","12","5672","2000","0"
"Linux","q_distinct_lcm_b513","3","4605.7","4539","4639","55","3","4520","1088","0"
"Linux","q_distinct_lcm_b768","3","5013","4810","5130","53","11","6616","1480","0"
"Linux","q_distinct_lcm_b1024","3","5123","4990","5300","53","11","8600","1832","0"
"Linux","q_uniform_lcm_b256","3","2461.7","2445","2485","31","1","2008","1256","0"
"Linux","z_dense_d8x8_b1024","3","7170.7","7124","7244","156","2","41904","4912","0"
"Linux","z_sparse_d32x32_b1024","3","748.7","722","772","8","0","3904","2856","0"
"Linux","gcd_early_4096_guard","3","10581","10381","10801","118","1","67088","14768","0"
"Linux","gcd_input_width_4098","3","7421.7","7405","7435","66","2","32008","5280","0"
"Linux","gcd_degree33_refusal","3","10230","10170","10280","10","8","24824","12936","0"
"Linux","gcd_late_prs_resume","3","910329","908121","912981","892","75","130936","9208","0"
"Linux","gcd_late_prs_q","3","915813.3","912731","921447","936","75","132168","9208","0"
"Windows","z_dense_d8x8_b32","3","2633.3","2500","2900","4","0","592","576","0"
"Windows","z_dense_d32x32_b128","3","128533.3","125300","130600","2148","93","89728","4576","0"
"Windows","z_dense_d64x64_b256","3","481933.3","473000","496200","8324","217","621736","13264","0"
"Windows","z_dense_d128x128_b32","3","1085466.7","1032400","1115700","14645","0","242528","12080","0"
"Windows","z_dense_d256x256_b32","3","4432166.7","4304300","4615900","61506","0","1000496","24336","0"
"Windows","z_sparse_d512x512_b32","3","3066.7","2700","3700","1","0","32800","32800","0"
"Windows","z_monomial_d512x512_b32","3","2133.3","2100","2200","1","0","32800","32800","0"
"Windows","z_sparse_d8x256_b128","3","1533.3","1400","1700","9","0","8768","8648","0"
"Windows","z_cancellation_d64x64_b256","3","471533.3","464400","479500","8366","139","619088","13456","0"
"Windows","q_distinct_lcm_b256","3","6133.3","6100","6200","64","4","3336","1488","0"
"Windows","q_distinct_lcm_b511","3","6200","6000","6300","64","10","5488","1992","0"
"Windows","q_distinct_lcm_b512","3","6066.7","6000","6200","64","12","5672","2000","0"
"Windows","q_distinct_lcm_b513","3","5800","5800","5800","55","3","4520","1088","0"
"Windows","q_distinct_lcm_b768","3","6766.7","6600","6900","53","11","6616","1480","0"
"Windows","q_distinct_lcm_b1024","3","6566.7","6500","6600","53","11","8600","1832","0"
"Windows","q_uniform_lcm_b256","3","3033.3","2900","3100","31","1","2008","1256","0"
"Windows","z_dense_d8x8_b1024","3","11833.3","10400","14500","156","2","41904","4912","0"
"Windows","z_sparse_d32x32_b1024","3","933.3","800","1100","8","0","3904","2856","0"
"Windows","gcd_early_4096_guard","3","23000","20100","28000","118","1","67088","14768","0"
"Windows","gcd_input_width_4098","3","15066.7","14600","15400","66","2","32008","5280","0"
"Windows","gcd_degree33_refusal","3","12933.3","12800","13000","10","8","24824","12936","0"
"Windows","gcd_late_prs_resume","3","977433.3","967300","994200","892","75","130936","9208","0"
"Windows","gcd_late_prs_q","3","984700","966900","1018700","936","75","132168","9208","0"
