name	a	b	gcd_z	a_plus_b	a_times_b	a_derivative
0	_	1	1	1	_	_
1	-14,13,9,-4,12,11,-4,1	5,13,7,5,-4,15,10,-11,-3,14,6	1	-9,26,16,1,8,26,6,-10,-3,14,6	-70,-117,116,118,192,-34,206,525,-79,-251,421,130,-184,165,227,7,-10,6	13,18,-12,48,55,-24,7
2	8,-10,10,-9,-10,10,-16	8,11,16,16,-4,-15,16,6,7	1	16,1,26,7,-14,-5,0,6,7	64,8,98,6,-211,-94,-84,-402,235,-300,-230,277,-266,-26,-112	-10,20,-27,-40,50,-96
3	-5,4	-15,-16,8,5,-10	1	-20,-12,8,5,-10	75,20,-104,7,70,-40	4
4	-11,-20,-17,1,9	-1,6,-7,-26,-4,8	1,1	-12,-14,-24,-25,5,8	11,-46,-26,323,680,481,-181,-374,-28,72	-20,-34,3,36
5	-2,6,-3,-2,4	8,-2,15,9,-9	1	6,4,12,7,-5	-16,52,-66,62,63,-119,69,54,-36	6,-6,-6,16
6	7,15,-5	4	1	11,15,-5	28,60,-20	15,-10
7	-13,-7,-7,7,12,12,-4,16,0,-9,-16	16,-9,3,-8,-1,14,8,12,15	1	3,-16,-4,-1,11,26,4,28,15,-9,-16	-208,5,-88,258,177,-14,-387,-85,-501,-41,-56,390,540,397,22,-56,-236,-327,-240	-7,-14,21,48,60,-24,112,0,-81,-160
8	-39,-26	39,65,23,-44,-58,22,70,28	3,2	0,39,23,-44,-58,22,70,28	-1521,-3549,-2587,1118,3406,650,-3302,-2912,-728	-26
9	-12,12,2,-4,5,16,-6,-8,-2,8	13,1,5,16,-5,-11,-16,-8,7	1	1,13,7,12,0,5,-22,-16,5,8	-156,144,-22,-182,323,297,-51,-48,-1,-37,-310,-210,229,270,-34,-168,-78,56	12,4,-12,20,80,-36,-56,-16,72
10	5,9,-6,-14,12,-7	16,10,9,3,0,-2,-15,-1,-16,-2	1	21,19,3,-11,12,-9,-15,-1,-16,-2	80,194,39,-188,25,-146,-97,-155,8,38,-74,329,-157,88,14	9,-12,-42,48,-35
11	-72	-11,-1	1	-83,-1	792,72	_
12	-9,-3,-1,-6,14,15,10,-2,-5,-4,7,16	-4,-11,-10,0,3	1,1	-13,-14,-11,-6,17,15,10,-2,-5,-4,7,16	36,111,127,65,-7,-163,-348,-270,-16,136,96,-107,-261,-172,21,48	-3,-2,-18,56,75,60,-14,-40,-36,70,176
13	-1,-8,13,-10,-3,-2,-3,-10,16,-15	-120,90,30,30,195,-90,195	1	-121,82,43,20,192,-92,192,-10,16,-15	120,870,-2310,2100,-585,-1410,2850,-3900,-120,780,-2160,-2040,2985,-6315,4470,-2925	-8,26,-30,-12,-10,-18,-70,128,-135
14	15,-13,9,-7,6,10,3,-4,-8	13,-14	1	28,-27,9,-7,6,10,3,-4,-8	195,-379,299,-217,176,46,-101,-94,-48,112	-13,18,-21,24,50,18,-28,-64
15	-3,-16,3,-16,4,5,-8,-14,1,15	-12,-1,9,16,5,-9,3,-1	1	-15,-17,12,0,9,-4,-5,-15,1,15	36,195,-47,-3,-276,-213,21,133,199,-497,-287,164,342,32,-118,44,-15	-16,6,-48,16,25,-48,-98,8,135
16	-21,-38,5,14,42,28,18,-36,-62,-20	27,18	3,2	6,-20,5,14,42,28,18,-36,-62,-20	-567,-1404,-549,468,1386,1512,990,-648,-2322,-1656,-360	-38,10,42,168,140,108,-252,-496,-180
17	13,7,-2,-7,1	13	1	26,7,-2,-7,1	169,91,-26,-91,13	7,-4,-21,4
18	8	16,9,11,5,-13,16,-8	1	24,9,11,5,-13,16,-8	128,72,88,40,-104,128,-64	_
19	-1,2,-14,-9,5,5,-16	-16,-13,-12,7	1	-17,-11,-26,-2,5,5,-16	16,-19,210,295,219,-135,68,183,227,-112	2,-28,-27,20,25,-96
20	2,-11,-8,15,0,1,11	15,27,23,-1,-14,-2	1,1	17,16,15,14,-14,-1,11	30,-111,-371,-246,204,518,311,126,222,-25,-156,-22	-11,-16,45,0,5,66
21	5,-13,-3,-15	-9,-14,-8,0,-10,7,2	1	-4,-27,-11,-15,-10,7,2	-45,47,169,281,184,285,-51,103,-111,-30	-13,-6,-45
22	-84,30,-66,-72	4,6,16,-2,6,-10,-4,-10,9,-3	1	-80,36,-50,-74,6,-10,-4,-10,9,-3	-336,-384,-1428,-36,-2052,0,-216,948,-72,1470,36,-450,216	30,-132,-216
23	-6	-8,-12,7,-12,-12	1	-14,-12,7,-12,-12	48,72,-42,72,72	_
24	48,-10,-52,-46,10,20	-33,-43,13,63,15,-46,-6,-30,-67,-26	3,2	15,-53,-39,17,25,-26,-6,-30,-67,-26	-1584,-1734,2770,6648,1062,-7322,-4236,1212,922,1098,4144,4014,-74,-1600,-520	-10,-104,-138,40,100
25	-10,-2,-9,7,7,9	11	1	1,-2,-9,7,7,9	-110,-22,-99,77,77,99	-2,-18,21,28,45
26	-10,3,-4,13,10,-7,-4,4	-165,120,-75,120,0,30,45,-210,-30,135,150	1	-175,123,-79,133,10,23,41,-206,-30,135,150	1650,-1695,1770,-4050,570,600,270,2700,-180,-495,-2985,-3015,2265,4530,-165,-1710,-60,600	3,-8,39,40,-35,-24,28
27	4,3,1	-4,-8,14,-4,16,6	1	0,-5,15,-4,16,6	-16,-44,28,18,66,68,34,6	3,2
28	8,-1,-4,2,5,8	14,13,-6,-4,-2,-15,3,30,12,-3	1,1	22,12,-10,-2,3,-7,3,30,12,-3	112,90,-117,-50,108,63,113,225,-18,-241,-90,210,294,81,-24	-1,-8,6,20,40
29	15,3,13	11,2,-15,-1,11,8	1	26,5,-2,-1,11,8	165,63,-76,-34,-33,140,167,104	3,26
30	-5,-6,8,0,-7,16,-14,5,-10,9	11,-2,-10,3,-12,8,-10,-9,16	1	6,-8,-2,3,-19,24,-24,-4,6,9	-55,-56,150,29,-115,246,-210,71,46,-389,591,-389,71,144,-97,80,-241,144	-6,16,0,-28,80,-84,35,-80,81
31	12,15,-9,4,-16	-9,-4,-7,-13,-13,12,-12	1	3,11,-16,-9,-29,12,-12	-108,-183,-63,-261,-160,102,213,-132,364,-240,192	15,-18,12,-64
32	-12,-8,18,45,22	-30,-62,-16,8	3,2	-42,-70,2,53,22	360,984,148,-2434,-3802,-1940,8,176	-8,36,135,88
33	48,78,42,96,-6	4,5,-13,2	1	52,83,29,98,-6	192,552,-66,-324,66,-1194,270,-12	78,84,288,-24
34	-14,-4,-9,-16,-12,-16	-7,-4,3,-15,-6,9	1	-21,-8,-6,-31,-18,-7	98,84,37,346,265,145,286,147,168,-12,-144	-4,-18,-48,-48,-80
35	9,13,1,12,12,15,3	-12,7	1	-3,20,1,12,12,15,3	-108,-93,79,-137,-60,-96,69,21	13,2,36,48,75,18
36	-15,-6,9	-3,-2,-8,-9	1,1	-18,-8,1,-9	45,48,105,165,-18,-81	-6,18
37	_	10,16,11,-15,-1,-11,-1,-12,-3,-7,-12	-10,-16,-11,15,1,11,1,12,3,7,12	10,16,11,-15,-1,-11,-1,-12,-3,-7,-12	_	_
38	-7,-10	-8	1	-15,-10	56,80	-10
39	-15,14,-8,5,5,-14,-10	60,60,15,210,-150,-45,120,-120,225	1	45,74,7,215,-145,-59,110,-120,225	-900,-60,135,-3120,5670,-3570,-1545,3330,-10080,4485,330,-705,1605,-1950,-2250	14,-16,15,20,-70,-60
40	36,21,-50,-74,-28	21,-4,-60,-62,-5,10	3,2	57,17,-110,-136,-33,10	756,297,-3294,-4846,1226,7907,6728,1606,-600,-280	21,-100,-222,-112
41	-14,2,-2,-14	_	14,-2,2,14	-14,2,-2,-14	_	2,-4,-42
42	2,6,15,11,-1,-11,11	2,-5,0,-7,9,-14,-8,-3,-6	1	4,1,15,4,8,-25,3,-3,-6	4,2,0,-67,-81,-96,35,-213,-236,-331,138,-129,-49,33,-66	6,30,33,-4,-55,66
43	-15,-10,2,-1,13,16,-12,6,16,3,7	-8,2,-12,-14,12,-8,-11,-7,16,0,-5	1	-23,-8,-10,-15,25,8,-23,-1,32,3,2	120,50,144,342,-170,-118,255,-259,-224,29,-627,-311,236,89,-415,-185,218,-31,32,-15,-35	-10,4,-3,52,80,-72,42,128,27,70
44	60,24,-132,-138,-90,24,132,-36,-96	14,26,7,-13,2,10	1,1	74,50,-125,-151,-88,34,132,-36,-96	840,1896,-804,-5976,-5964,-606,3612,2670,-3228,-5316,300,2496,-552,-960	24,-264,-414,-360,120,792,-252,-768
45	-1	6,-8,9,-11,-14,4,-16	1	5,-8,9,-11,-14,4,-16	-6,8,-9,11,14,-4,16	_
46	-9	7,1,-15,0,2,4,7	1	-2,1,-15,0,2,4,7	-63,-9,135,0,-18,-36,-63	_
47	7,5,-16,14	-6,3,-11,-11,5,10,-13,14	1	1,8,-27,3,5,10,-13,14	-42,-9,34,-264,198,117,-275,-57,418,-406,196	5,-32,42
48	42,10,-57,-60,1,38,-8,-55,-26	-27,-18	3,2	15,-8,-57,-60,1,38,-8,-55,-26	-1134,-1026,1359,2646,1053,-1044,-468,1629,1692,468	10,-114,-180,4,190,-48,-385,-208
49	-1,-1	-16,9,-8,-8,-3,15,2	1	-17,8,-8,-8,-3,15,2	16,7,-1,16,11,-12,-17,-2	-1
50	0,0,-13,-10	13,15,15,10,12	1	13,15,2,0,12	0,0,-169,-325,-345,-280,-256,-120	0,-26,-30
51	-9,-3,12,-16,-9,9,-10,-9,14,-9	9,-15	1	0,-18,12,-16,-9,9,-10,-9,14,-9	-81,108,153,-324,159,216,-225,69,261,-291,135	-3,24,-48,-36,45,-60,-63,112,-81
52	-13,-6,-3,-25,-7,21,14,16,24,-1,-13,-3	-75,150,180,-165,-120	1,1	-88,144,177,-190,-127,21,14,16,24,-1,-13,-3	975,-1500,-3015,2490,-1215,-5910,5325,8835,495,1725,825,-7785,-5505,1725,2055,360	-6,-6,-75,-28,105,84,112,192,-9,-130,-33
53	9,-1,7	0,-8,13,9,15	1	9,-9,20,9,15	0,-72,125,12,217,48,105	-1,14
54	-11,14,-5,-6,14,12	5,-3,6,-3,13,16,1	1	-6,11,1,-9,27,28,1	-55,103,-133,102,-127,3,214,-114,45,374,206,12	14,-10,-18,56,60
55	-84,96,54,-12,-72	7	1	-77,96,54,-12,-72	-588,672,378,-84,-504	96,108,-36,-288
56	42,-8,-30,-22,-9,-4,44,56,-14,-2,-21,-22	-21,34,8,-19,1,-22,-7,-39,-66,-24	3,2	21,26,-22,-41,-8,-26,37,17,-80,-26,-21,-22	-882,1596,694,-1420,-605,-760,-862,-485,851,216,2422,1637,-1154,-1099,-4453,-3752,289,1441,2292,1956,528	-8,-60,-66,-36,-20,264,392,-112,-18,-210,-242
57	2,3,-6,5,-11,-14,15	1,1,-12,11,12,6	1	3,4,-18,16,1,-8,15	2,5,-27,-15,123,-103,134,86,-436,-69,96,90	3,-12,15,-44,-70,90
58	15,-11,-2	4,-3,16,11	1	19,-14,14,11	60,-89,265,-5,-153,-22	-11,-4
59	-11,8,0,-13,9,-11,-6,-6,-11	-7,-14,4,4,2,8,7,4,5	1	-18,-6,4,-9,11,-3,1,-2,-6	77,98,-156,79,129,-173,167,104,-16,105,-157,-210,-111,-209,-131,-74,-55	8,0,-39,36,-55,-36,-42,-88
60	2,-5,9,7,-7,17,1,-15,-1	-1,5,17,-1,-5,2,-5	1,1	1,0,26,6,-12,19,-4,-15,-1	-2,15,0,-49,190,87,-107,324,-70,-395,62,-7,-30,73,5	-5,18,21,-28,85,6,-105,-8
61	13,-6,13,6,9,-7,9,14,10,7,-9	-10,1,5	1	3,-5,18,6,9,-7,9,14,10,7,-9	-130,73,-71,-77,-19,109,-52,-166,-41,10,147,26,-45	-6,26,18,36,-35,54,98,80,63,-90
62	-1,6,6,13,-7,12,-1,-11,16,13,-16	1,15,6,12	1	0,21,12,25,-7,12,-1,-11,16,13,-16	-1,-9,90,127,296,57,293,-38,-11,175,143,30,60,-192	6,12,39,-28,60,-6,-77,128,117,-160
63	4,-8,9,-6,-15,-15,-10,14,4,16	13,-15,5,-5,-4,-3,-6,4,1,-2,-14	1	17,-23,14,-11,-19,-18,-16,18,5,14,-14	52,-164,257,-273,-36,-25,14,393,-137,429,-170,152,-267,-101,214,164,180,-188,-88,-224	-8,18,-18,-60,-75,-60,98,32,144
64	-30,-35,-25,-10	33,22	3,2	3,-13,-25,-10	-990,-1815,-1595,-880,-220	-35,-50,-30
65	2,2,13	30,-90,105,30,-135,-225,60,180,-165,165	1	32,-88,118,30,-135,-225,60,180,-165,165	60,-120,420,-900,1155,-330,-2085,-2445,810,2340,-1815,2145	2,26
66	96,-78,24,90,-42,-90	-2,13,11,14,-2,-12,0,14	1	94,-65,35,104,-44,-102,0,14	-192,1404,-6,618,234,-36,516,-702,-3348,1020,2340,-588,-1260	-78,48,270,-168,-450
67	-11	1,14,-9,-2,-4,-2,14,-3,-9	1	-10,14,-9,-2,-4,-2,14,-3,-9	-11,-154,99,22,44,22,-154,33,99	_
68	-16,-17,-3,8,0,-16,9,6,-15,-6	-12,1,-2,-4,14,-13,-23,-2,19,28,14	1,1	-28,-16,-5,4,14,-29,-14,4,4,22,14	192,188,51,-1,-142,158,391,543,-73,-1164,-439,237,-257,-237,134,310,21,-450,-378,-84	-17,-6,24,0,-80,54,42,-120,-54
69	-4,-15,14,8,2,-5,11,-5,14	11,5,5,15,-16,4,-14,6,5,-5,-11	1	7,-10,19,23,-14,-1,-3,1,19,-5,-11	-44,-185,59,23,-29,429,-2,119,-197,215,8,551,-612,69,-168,59,-26,-15,-154	-15,28,24,8,-25,66,-35,112
70	-5,11,-1,-5,10,6,7,9,-2,2	9,11,14	1	4,22,13,-5,10,6,7,9,-2,2	-45,44,42,98,21,94,269,242,179,122,-6,28	11,-2,-15,40,30,42,63,-16,18
71	6,-9,-15,-11,-5,-8	-13,-16,12,-13,-15,-8	1	-7,-25,-3,-24,-20,-16	-78,21,411,197,88,334,508,254,267,160,64	-9,-30,-33,-20,-40
72	33,37,31,-16,-20	42,70,16,7,40,53,43,29,-26,-69,-30	3,2	75,107,47,-9,20,53,43,29,-26,-69,-30	1386,3864,4420,2321,115,1790,4188,3411,-100,-4088,-5673,-3413,694,1860,600	37,62,-48,-80
73	-8,-8,11,2,8,-4,-2	2,-7,3,1,-13,13,2,-10,15,-9,3	1	-6,-15,14,3,-5,9,0,-10,15,-9,3	-16,40,54,-105,131,-47,-213,191,-106,0,183,-207,171,-106,30,6,-6	-8,22,6,32,-20,-12
74	_	13,11,2,-10	-13,-11,-2,10	13,11,2,-10	_	_
75	0,-9,-12	5,-9,15,4,4,15,13,11,0,-15,10	1	5,-18,3,4,4,15,13,11,0,-15,10	0,-45,21,-27,-216,-84,-183,-297,-255,-132,135,90,-120	-9,-24
76	15,5,-6,16,-1,-26,-13,13,8,-16,-11	1,4,1,-18,-2,14	1,1	16,9,-5,-2,-3,-12,-13,13,8,-16,-11	15,65,29,-273,-63,294,-324,-163,741,301,-639,-412,443,342,-202,-154	5,-12,48,-4,-130,-78,91,64,-144,-110
77	78,-54,-54,-48,-60,-72,96,-72,-48,42	6	6	84,-54,-54,-48,-60,-72,96,-72,-48,42	468,-324,-324,-288,-360,-432,576,-432,-288,252	-54,-108,-144,-240,-360,576,-504,-384,378
78	-1,11,11,-5,1,-14,-11,-10,16	195,-30,30,-195,-45,165,-120,180,180,-15	1	194,-19,41,-200,-44,151,-131,170,196,-15	-195,2175,1785,-780,-1425,-5715,720,-1695,5430,6735,1410,-3690,-3315,-675,-5490,1245,3030,-240	11,22,-15,4,-70,-66,-70,128
79	12,16,-15,8,-5,6,-1,5,12	-14,-4,16,-11,-11,-6,-1,-14,-5,8,13	1	-2,12,1,-3,-16,0,-2,-9,7,8,13	-168,-272,338,72,-510,-19,-121,-97,-532,225,364,-69,-351,-29,-94,-123,-33,161,156	16,-30,24,-20,30,-6,35,96
80	0,-9,-21,2,32,-2,0,-28,-24	45,24,-16,-53,-39,24,-10,-59,-26	3,2	45,15,-37,-51,-7,22,-10,-87,-50	0,-405,-1161,-270,2301,2110,-63,-3416,-2105,2171,1928,444,-450,-244,1892,2144,624	-9,-42,6,128,-10,0,-196,-192
81	-3	8	1	5	-24	_
82	-12,-9,8,6,-12,-10,-4,4,-5,-14,-14	_	12,9,-8,-6,12,10,4,-4,5,14,14	-12,-9,8,6,-12,-10,-4,4,-5,-14,-14	_	-9,16,18,-48,-50,-24,28,-40,-126,-140
83	1,-13,-5,9,-3,-16,1,7,-16,-5,-4	-15,-7,0,-11,12	1	-14,-20,-5,-2,9,-16,1,7,-16,-5,-4	-15,188,166,-111,137,160,-62,29,331,-16,30,288,-137,-16,-48	-13,-10,27,-12,-80,6,49,-128,-45,-40
84	-16,-13,13,10	12,28,32,11,-5	1,1	-4,15,45,21,-5	-192,-604,-720,-108,633,528,45,-50	-13,26,30
85	-12,-14,-12	10,4,-11,1,7,11	1	-2,-10,-23,1,7,11	-120,-188,-44,94,34,-242,-238,-132	-14,-24
86	6,7,4,-11,7,10,10,-9,-15,-16,-4	-11,-16,7,-16,-3,-4,14	1	-5,-9,11,-27,4,6,24,-9,-15,-16,-4	-66,-173,-114,10,-3,-408,-1,12,298,-19,367,319,449,46,-134,-208,-56	7,8,-33,28,50,60,-63,-120,-144,-40
87	-6,-10,-10,-11,9,-14,4,15,-13,16,5	-7,-8	1	-13,-18,-10,-11,9,-14,4,15,-13,16,5	42,118,150,157,25,26,84,-137,-29,-8,-163,-40	-10,-20,-33,36,-70,24,105,-104,144,50
88	288,192	-27,-18	9,6	261,174	-7776,-10368,-3456	192
89	-7,0,8,11,-7,-8,-10,-11	1	1	-6,0,8,11,-7,-8,-10,-11	-7,0,8,11,-7,-8,-10,-11	0,16,33,-28,-40,-60,-77
90	-11,-13,-12,-11,-12,1,4	3,4,-10,9,-4,7,6	1	-8,-9,-22,-2,-16,8,10	-33,-83,22,-50,-33,-68,-72,-220,-132,-118,-81,34,24	-13,-24,-33,-48,5,24
91	-2,15,-3,2,-8,6,5,8,1,-2	225,240,195,240,-90,180,-240,15,135	1	223,255,192,242,-98,186,-235,23,136,-2	-450,2895,2535,2175,1875,-2610,4935,-2100,6315,2070,3810,-1260,-1320,-675,195,1575,105,-270	15,-6,6,-32,30,30,56,8,-18
92	0,-12,0,13,1,3,3	-2,-18,-11,5,-10,-15,-6,-15,-7,14,17,10	1,1	-2,-30,-11,18,-9,-12,-3,-15,-7,14,17,10	0,24,216,106,-296,-47,174,-140,-43,-24,-444,-373,-8,169,168,103,81,30	-12,0,39,4,15,18
93	-7,2	5,-9,16	1	-2,-7,16	-35,73,-130,32	2
94	-12,5	10,-4	1	-2,1	-120,98,-20	5
95	5,14,1,6,7,-15,8,1,14,-4,9	-10,2,15,1	1	-5,16,16,7,7,-15,8,1,14,-4,9	-50,-130,93,157,-29,255,1,-212,-33,91,113,-28,131,9	14,2,18,28,-75,48,7,112,-36,90
96	48,77,42,-25,20,1,-6,47,-10,-24	3,11,-39,-18,17,-15,-26,10,24,8	3,2	51,88,3,-43,37,-14,-32,57,14,-16	144,759,-899,-3480,-2423,1031,-2026,-2901,2248,1112,17,1915,3,-1356,954,1604,-104,-656,-192	77,84,-75,80,5,-36,329,-80,-216
97	12,-4,7,5	2,15,-15,16,-10	1	14,11,-8,21,-10	24,172,-226,367,-214,77,10,-50	-4,14,15
98	6	16,-11,-14,-7	1	22,-11,-14,-7	96,-66,-84,-42	_
99	-42,72,-6	-4	2	-46,72,-6	168,-288,24	72,-12
100	-11,-11	6,10,1,8,5,-6	1,1	-5,-1,1,8,5,-6	-66,-176,-121,-99,-143,11,66	-11
101	-13,3,-11,2,13	4,3,11	1	-9,6,0,2,13	-52,-27,-178,8,-63,61,143	3,-22,6,52
102	-15,13,-6,-7,-8,13,2	3,-11	1	-12,2,-6,-7,-8,13,2	-45,204,-161,45,53,127,-137,-22	13,-12,-21,-32,65,12
103	-10,9,-11,-7,-7,-1,14,-2,16,13,-1	-8,10,-6,4,-14,-8,2,-15	1	-18,19,-17,-3,-21,-9,16,-17,16,13,-1	80,-172,238,-148,228,-110,-46,488,-239,345,-63,-5,-107,-528,-28,-206,-197,15	9,-22,-21,-28,-5,84,-14,128,117,-10
104	18,33,59,-15,-66,18,28	540,810,120,330,795,915,1065,-90,-45,210	3,2	558,843,179,315,729,933,1093,-90,-45,210	9720,32400,60750,49590,-15510,16635,113100,78645,2160,-55830,-25935,63795,28020,-17190,2520,5880	33,118,-45,-264,90,168
105	5,10,-8,6,16	9,-11,2,-7,14,-9,-3,10	1	14,-1,-6,-1,30,-9,-3,10	45,35,-172,127,62,-13,-227,64,294,-242,12,160	10,-16,18,64
106	-5,14,11,-5,9,-9,6,3,-12,9	-10,-8,9,-12,16,-11,-9,5	1	-15,6,20,-17,25,-20,-3,8,-12,9	50,-100,-267,148,-199,120,220,-619,428,-182,-127,333,-432,279,24,-141,45	14,22,-15,36,-45,36,21,-96,81
107	8,-5,-6,9	8,13	1	16,8,-6,9	64,64,-113,-6,117	-5,-12,27
108	-16,-15,-6,-7	-4,2,20,19,6,2,-7,5,13	1,1	-20,-13,14,12,6,2,-7,5,13	64,28,-326,-588,-515,-376,-87,-29,-255,-176,-113,-91	-15,-12,-21
109	-12	5,-2,5,3,13,0,-6,0,-10	1	-7,-2,5,3,13,0,-6,0,-10	-60,24,-60,-36,-156,0,72,0,120	_
110	66,-42,-30,-90,24	10,-16,15,5,-13,10,-9	1	76,-58,-15,-85,11,10,-9	660,-1476,1362,-720,162,-678,-714,1368,-942,1050,-216	-42,-60,-270,96
111	_	14,12,-5	-14,-12,5	14,12,-5	_	_
112	9,6,-3,-17,-22,25,22	-12,-8	3,2	-3,-2,-3,-17,-22,25,22	-108,-144,-12,228,400,-124,-464,-176	6,-6,-51,-88,125,132
113	15,-12,7,-6,-8,12,-6,-15,5,-5,-5	-3,-1,-12,0,-10	1	12,-13,-5,-6,-18,12,-6,-15,5,-5,-5	-45,21,-189,155,-204,164,32,-33,152,70,20,215,10,50,50	-12,14,-18,-32,60,-36,-105,40,-45,-50
114	-9,3	-14,4,10,4,16,0,9,12	1	-23,7,10,4,16,0,9,12	126,-78,-78,-6,-132,48,-81,-81,36	3
115	12,-11,-8,3,-11,-5,12,15,-14	-1,3,-1,-6,-12,-2,7	1	11,-8,-9,-3,-23,-7,19,15,-14	-12,47,-37,-88,-50,125,168,-5,147,-26,-287,-155,222,133,-98	-11,-16,9,-44,-25,72,105,-112
116	7,-3,-20,-2,5,-1,8,6	10,15,5	1,1	17,12,-15,-2,5,-1,8,6	70,75,-210,-335,-80,55,90,175,130,30	-3,-40,-6,20,-5,48,42
117	-1,15,11,-11,12,-10,-6,13,-5,14	240,-45,120,0,-30,30,-75	1	239,-30,131,-11,-18,20,-81,13,-5,14	-240,3645,1845,-1335,4725,-4740,645,1725,-4020,6630,-2250,1860,990,-1545,795,-1050	15,22,-33,48,-50,-36,91,-40,126
118	-11,6,1,-14,0,-13,-7,-4	6,4,12,-13,13,0,-6,15,-8,2	1	-5,10,13,-27,13,-13,-13,11,-8,2	-66,-8,-102,135,-265,-181,167,-591,241,-97,-245,140,-181,23,-30,18,-8	6,2,-42,0,-65,-42,-28
119	-3,-14,-13,-10,-15,13,3,-10	-12,4,-9,3,4,-11,-11,-12,-2	1	-15,-10,-22,-7,-11,2,-8,-22,-2	36,156,127,185,203,-188,256,263,339,610,150,-16,-49,48,114,20	-14,-26,-30,-60,65,18,-70
120	-36,-69,-66,-57,-40,0,8	27,-30,13,24,23,3,-52,-55,-18	3,2	-9,-99,-53,-33,-17,3,-44,-55,-18	-972,-783,-180,-1320,-2712,-2820,-1525,2859,6888,7908,6587,3250,304,-440,-144	-69,-132,-171,-160,0,48
121	60	7,14,-9	1	67,14,-9	420,840,-540	_
122	3,-2,7,12,12,-10	-11,7,-16,7,-9,1,4,-15,2	1	-8,5,-9,19,3,-9,4,-15,2	-33,43,-139,-30,-201,72,-231,90,-102,41,-128,-196,174,-20	-2,14,36,48,-50
123	-16,5,-9,-8,-2,-8,-1,-1,16,6	_	-16,5,-9,-8,-2,-8,-1,-1,16,6	-16,5,-9,-8,-2,-8,-1,-1,16,6	_	5,-18,-24,-8,-40,-6,-7,128,54
124	5,5	14,19,13,13,-3,-22,-14	1,1	19,24,13,13,-3,-22,-14	70,165,160,130,50,-125,-180,-70	5
125	-8	-15,-9,14,-13,-1,-5,6,-12,1,-4	1	-23,-9,14,-13,-1,-5,6,-12,1,-4	120,72,-112,104,8,40,-48,96,-8,32	_
126	-13,-1,-2,-14	11,2,-12,16,11,8	1	-2,1,-14,2,11,8	-143,-37,132,-354,-163,21,-254,-170,-112	-1,-4,-42
127	-16,-11,-3,6,11,-8,-2,5,10	-14,-10,16,-1,15,-13	1	-30,-21,13,5,26,-21,-2,5,10	224,314,-104,-214,-491,144,376,-60,-127,-281,229,91,85,-130	-11,-6,18,44,-40,-12,35,80
128	42,76,32	-36,-24,21,-7,34,50,-6,-12,3,2	3,2	6,52,53,-7,34,50,-6,-12,3,2	-1512,-3744,-2094,534,1568,4460,4636,640,-978,-72,248,64	76,64
129	-16,7,7	-8,-9,2,13,-7,10,-7,11,1,-14,13	1	-24,-2,9,13,-7,10,-7,11,1,-14,13	128,88,-151,-257,217,-118,133,-155,12,308,-299,-7,91	7,14
130	0,-9,-16,-15,-8,7,-4	165,-30,210,0,180,-135,-210,-105,-90,-75,120	1	165,-39,194,-15,172,-128,-214,-105,-90,-75,120	0,-1485,-2370,-3885,-4230,-3375,-4215,2940,4050,7980,3705,1380,30,-1410,-1125,1140,-480	-9,-32,-45,-32,35,-24
131	-2	16,-4,11,-8,16,9,-6,-13,14,-16,12	1	14,-4,11,-8,16,9,-6,-13,14,-16,12	-32,8,-22,16,-32,-18,12,26,-28,32,-24	_
132	-36,-108,-12,102,120,-6,-108,-24	-1,-1	1,1	-37,-109,-12,102,120,-6,-108,-24	36,144,120,-90,-222,-114,114,132,24	-108,-24,306,480,-30,-648,-168
133	10,1,-6	8,7,-13	1	18,8,-19	80,78,-171,-55,78	1,-12
134	8,-11,-1,-11	15,12,-14,-7,-8,11	1	23,1,-15,-18,-8,11	120,-69,-259,-79,-105,337,-36,77,-121	-11,-2,-33
135	0,-13,-15,12,3	-12,6	1	-12,-7,-15,12,3	0,156,102,-234,36,18	-13,-30,36,12
136	-27,-36,-15,-35,-4,15,-1,-2	39,-4,-14,1,46,65,25,-43,-60,-20	3,2	12,-40,-29,-34,42,80,24,-45,-60,-20	-1053,-1296,-63,-828,-1084,-2335,-3783,-2612,371,2927,3952,2790,140,-827,-154,140,40	-36,-30,-105,-16,75,-6,-14
137	-9,15,-12,-16,-15,14	2,3,-3,-10,-5	1	-7,18,-15,-26,-20,14	-18,3,48,-23,-147,76,307,188,-65,-70	15,-24,-48,-60,70
138	16,-10	16,4,-9,-5,-16,-15	1	32,-6,-9,-5,-16,-15	256,-96,-184,10,-206,-80,150	-10
139	-13,-9,-9,-5,-2,13,-16	-7,-9,7,-12,-16,-15,0,-5,8,-15	1	-20,-18,-2,-17,-18,-2,-16,-5,8,-15	91,180,53,209,312,339,320,539,-220,182,149,345,-6,214,-323,240	-9,-18,-15,-8,65,-96
140	-1,10,11	7,4,-3,5,19,27,10,-7,0,-7,-23,-12	1,1	6,14,8,5,19,27,10,-7,0,-7,-23,-12	-7,66,120,9,-2,218,469,404,40,-70,-47,-295,-373,-132	10,22
141	14,-1	16,2,-9,-5	1	30,1,-9,-5	224,12,-128,-61,5	-1
142	-16,6,-6,4,-13,-4,8,-9	3,-11,-11,-16,9,5,8,-5,-13,-5	1	-13,-5,-17,-12,-4,1,16,-14,-13,-5	-48,194,92,268,-257,157,-5,271,108,-66,120,-30,188,5,-39,77,45	6,-12,12,-52,-20,48,-63
143	66,54,-54,-48,66	-180,-180,-150,-60,-225,-75	3	-114,-126,-204,-108,-159,-75	-11880,-21600,-9900,6300,-13230,-18540,1080,10890,-11250,-4950	54,-108,-144,264
144	9,48,37,-27,-28,-52,-32	9,-33,13,38,-4,40,38,22,-36,-32	3,2	18,15,50,11,-32,-12,6,22,-36,-32	81,135,-1134,-498,2908,1679,2152,2926,-1222,-4356,-6478,-4084,-488,2064,2816,1024	48,74,-81,-112,-260,-192
145	4,-13	-15	1	-11,-13	-60,195	-13
146	12,-3,16,-1,-2	0,-16,11,-3	1	12,-19,27,-4,-2	0,-192,180,-325,201,-27,-19,6	-3,32,-3,-8
147	-6,-6,10,3,-6	-1,16,13,2,5,-16,-12,-11,7	1	-7,10,23,5,-1,-16,-12,-11,7	6,-90,-184,67,142,29,146,-19,-174,-92,109,87,-42	-6,20,9,-24
148	_	14,20,21,25,6,-4	-14,-20,-21,-25,-6,4	14,20,21,25,6,-4	_	_
149	16,0,-6,-11,-8,-9	12,-11,-6,10,13,-11,7,13,3,8,-1	1	28,-11,-12,-1,5,-20,7,13,3,8,-1	192,-176,-168,94,269,-190,71,105,-67,-56,-134,-248,-223,-80,-64,9	0,-12,-33,-32,-45
150	3,-11,7,5,-8,16,4,7,-12,-4	12,3,6,2	1	15,-8,13,7,-8,16,4,7,-12,-4	36,-123,69,21,-61,212,58,176,-67,-34,-70,-48,-8	-11,14,15,-32,80,24,49,-96,-36
151	-14,-12,1,-16	9,-4,9,14,-11,6,4	1	-5,-16,10,-2,-11,6,4	-126,-52,-69,-452,59,-82,-363,134,-92,-64	-12,2,-48
152	-30,-56,-54,-47,-51,-19,35,22	_	-30,-56,-54,-47,-51,-19,35,22	-30,-56,-54,-47,-51,-19,35,22	_	-56,-108,-141,-204,-95,210,154
153	14,-2	-10,1,-16,10,11,0,-7	1	4,-1,-16,10,11,0,-7	-140,34,-226,172,134,-22,-98,14	-2
154	24,48,-54	-1,7,-14,7,7,0,12,-1	1	23,55,-68,7,7,0,12,-1	-24,120,54,-882,1260,-42,-90,552,-696,54	48,-108
155	-7	-7	7	-14	49	_
156	16,5,2,8,-15,-17,-20,0,13	-180,-330,75,105,-225,-345,-405,-165	1,1	-164,-325,77,113,-240,-362,-425,-165,13	-2880,-6180,-810,-45,-2865,2175,270,-3405,-6645,-960,16095,17625,7980,-1185,-5265,-2145	5,4,24,-60,-85,-120,0,104
157	1,3,-12,9,5,-13,-8	16,12,8	1	17,15,-4,9,5,-13,-8	16,60,-148,24,92,-76,-244,-200,-64	3,-24,27,20,-65,-48
158	4,12,5,5,11	7,-9,-13,3,4,-9,-6,-5,-5	1	11,3,-8,8,15,-9,-6,-5,-5	28,48,-125,-154,19,-137,-240,-84,-111,-214,-116,-80,-55	12,10,15,44
159	-9,-7,5,-11,8,16	3,-6,7,-10,-10,-16,3,-9,-15	1	-6,-13,12,-21,-2,0,3,-9,-15	-27,33,-6,-22,285,87,105,122,149,-261,-208,141,-264,-240	-7,10,-33,32,80
160	24,19,2	-6,-28,-16	3,2	18,-9,-14	-144,-786,-928,-360,-32	19,4
161	-10,6,2,-8,-15	15,8,5,3,9,-6,1,0,-9	1	5,14,7,-5,-6,-6,1,0,-9	-150,10,28,-104,-351,-40,-127,-123,5,28,-33,72,135	6,4,-24,-60
162	4,9,-8,-7,12,-13,14	-7,12,9	1	-3,21,1,-7,12,-13,14	-28,-15,200,34,-240,172,-146,51,126	9,-16,-21,48,-65,84
163	0,-2,12	-12,13,-1,13,16,2,-11,3,-12,10,15	1	-12,11,11,13,16,2,-11,3,-12,10,15	0,24,-170,158,-38,124,188,46,-138,60,-164,90,180	-2,24
164	10,-2,-25,-24,-10,1,12,0,-19,7,14	_	10,-2,-25,-24,-10,1,12,0,-19,7,14	10,-2,-25,-24,-10,1,12,0,-19,7,14	_	-2,-50,-72,-40,5,72,0,-152,63,140
165	24	-11,13,0,1,-10,3,3,-16,-14	1	13,13,0,1,-10,3,3,-16,-14	-264,312,0,24,-240,72,72,-384,-336	_
166	11,1,-11,13,16,1	-7,4,-14,7,4,-13,-12,-7,15	1	4,5,-25,20,20,-12,-12,-7,15	-77,37,-73,-72,145,-341,-318,204,192,-268,-461,71,233,15	1,-22,39,64,5
167	1,12,-12,14	-15,6,-13,-1,-14,11,-12,-10	1	-14,18,-25,13,-14,11,-12,-10	-15,-174,239,-439,214,-327,274,-482,178,-48,-140	12,-24,42
168	24,34,12	24,13,-20,-12	3,2	48,47,-8,-12	576,1128,250,-812,-648,-144	34,24
169	-9,-16	-60,-210	1	-69,-226	540,2850,3360	-16
170	6,6	-3	3	3,6	-18,-18	6
171	-2,-10,2,11,5,-16,0,9,11	-3,5,-1,10,-4	1	-5,-5,1,21,1,-16,0,9,11	6,20,-54,-33,-54,122,17,-5,-168,110,79,74,-44	-10,4,33,20,-80,0,63,88
172	13,7,-3,-5,-17,-9	10,-3,-26,-22,-11,10,8,-4	1,1	23,4,-29,-27,-28,1,8,-4	130,31,-389,-509,-374,210,786,637,283,-99,-206,-4,36	7,-6,-15,-68,-45
173	14	-11,4,13,-2,-11,13	1	3,4,13,-2,-11,13	-154,56,182,-28,-154,182	_
174	-11,-9,-15,-1,4,-9,-8,-9,11,-13	16,9	1	5,0,-15,-1,4,-9,-8,-9,11,-13	-176,-243,-321,-151,55,-108,-209,-216,95,-109,-117	-9,-30,-3,16,-45,-48,-63,88,-117
175	-15,16,-1,11,-12,11,-2,-11,-8,-4,-11	-9,-9,3,1,-7,-1,2	1	-24,7,2,12,-19,10,0,-11,-8,-4,-11	135,-9,-180,-57,127,-56,-145,94,247,30,79,180,26,3,65,3,-22	16,-2,33,-48,55,-12,-77,-64,-36,-110
176	-162,-108,-198,-330,-96,-264,-48,96,-36,-24	42,43,58,56,-17,-46,20,72,71,26	3,2	-120,-65,-140,-274,-113,-310,-28,168,35,2	-6804,-11502,-22356,-37710,-33000,-36156,-32322,-17826,-21378,-23508,-27330,-43602,-40512,-20712,-2976,2496,-1788,-2640,-624	-108,-396,-990,-384,-1320,-288,672,-288,-216
177	7,-13,-15,-6,-13,-11,-7,-12,-11,-3,-11	-15	1	-8,-13,-15,-6,-13,-11,-7,-12,-11,-3,-11	-105,195,225,90,195,165,105,180,165,45,165	-13,-30,-18,-52,-55,-42,-84,-88,-27,-110
178	-5,7,-6,8,11	14,4,5,4,-16,-13	1	9,11,-1,12,-5,-13	-70,78,-81,103,264,13,92,-6,-280,-143	7,-12,24,44
179	-4,-12,-11,6,-14,-16,11,16,1	6,9,-9,-9,1	1	2,-3,-20,-3,-13,-16,11,16,1	-24,-108,-138,81,173,-189,-17,471,181,-250,-142,7,1	-12,-22,18,-56,-80,66,112,8
180	12,17,-5,5,15	3,15,12	1,1	15,32,7,5,15	36,231,384,144,60,285,180	17,-10,15,60
181	5,14	4,10	1	9,24	20,106,140	14
182	-8,4,-9,-9,-3,3,12,2,16,11	-45,30,-225,135,45,-120,-210	1	-53,34,-234,126,42,-117,-198,2,16,11	360,-420,2325,-1845,2070,1725,-195,-975,-120,3540,-2190,-2295,-555,-1845,-4680,-2310	4,-18,-27,-12,15,72,14,128,99
183	2,2,4,2,5,-2,7,-4,-12,7,-15	7,0,0,-13,-6,-9,-9,-2,8,13	1	9,2,4,-11,-1,-11,-2,-6,-4,20,-15	14,14,28,-12,-3,-96,-37,-163,-130,-59,-68,193,24,332,173,155,-27,-70,-29,-195	2,8,6,20,-10,42,-28,-96,63,-150
184	24,61,60,38,60,44,44,69,75,30	36,24	3,2	60,85,60,38,60,44,44,69,75,30	864,2772,3624,2808,3072,3024,2640,3540,4356,2880,720	61,120,114,240,220,264,483,600,270
185	_	-14,16,-10,-15,-8,6,-15,12	-14,16,-10,-15,-8,6,-15,12	-14,16,-10,-15,-8,6,-15,12	_	_
186	0,-7,0,-3,16,-14,11,-4,-10	2	1	2,-7,0,-3,16,-14,11,-4,-10	0,-14,0,-6,32,-28,22,-8,-20	-7,0,-9,64,-70,66,-28,-80
187	0,-72,-60,72,18	-15,-8,-5,4,2,-3,-9	1	-15,-80,-65,76,20,-3,-9	0,1080,1476,-240,-834,-888,294,1044,360,-702,-162	-72,-120,216,72
188	-2,-11,-9	-1,-3,-2	1,1	-3,-14,-11	2,17,46,49,18	-11,-18
189	10,-4,7,-14,0,-6,10,-3,5,-8	5,-14,-5,-9,2	1	15,-18,2,-23,2,-6,10,-3,5,-8	50,-160,41,-238,217,-31,274,-153,71,-197,134,-11,82,-16	-4,14,-42,0,-30,60,-21,40,-72
190	-5,2,10,-4,-6,15,16,-2,-1,-5	13	1	8,2,10,-4,-6,15,16,-2,-1,-5	-65,26,130,-52,-78,195,208,-26,-13,-65	2,20,-12,-24,75,96,-14,-8,-45
191	6,-8,-10,-10	16,2,-5,-10,10,-5,3	1	22,-6,-15,-20,10,-5,3	96,-116,-206,-200,170,40,58,-74,20,-30	-8,-20,-30
192	39,23,-2	33,13,-6	3,2	72,36,-8	1287,1266,-1,-164,12	23,-4
193	-15,-8,10,13,-12,-5,-5,5,13,-5	1,-11,-4,7,-16	1	-14,-19,6,20,-28,-5,-5,5,13,-5	-15,157,158,-170,-11,273,29,-212,135,-123,118,31,-243,80	-8,20,39,-48,-25,-30,35,104,-45
194	12,4,-6,5	-6,-11,-10,-4	1	6,-7,-16,1	-72,-156,-128,-52,-11,-26,-20	4,-12,15
195	16,-13,5,-1,9,-7,-16,-5,8,11,8	240,240,-120,-165	1	256,227,-115,-166,9,-7,-16,-5,8,11,8	3840,720,-3840,-120,3465,-225,-6435,-5685,3795,7800,4425,-720,-2775,-1320	-13,10,-3,36,-35,-96,-35,64,99,80
196	16,32,10,8,14	-9,-18,2,0,-3,0,-8	1,1	7,14,12,8,11,0,-8	-144,-576,-634,-188,-298,-332,-130,-280,-122,-64,-112	32,20,24,56
197	-3,9,16,8,12,-2,-4,-3,16,11	-9,-16,-6	1	-12,-7,10,8,12,-2,-4,-3,16,11	27,-33,-270,-382,-332,-222,-4,103,-72,-337,-272,-66	9,32,24,48,-10,-24,-21,128,99
198	72,-54,60,-24,18	-2,-13,4,-11,15,3,-12,-10,-7,-3,1	1	70,-67,64,-35,33,3,-12,-10,-7,-3,1	-144,-828,870,-1740,2190,-1584,210,-450,-486,-96,-162,-246,6,-78,18	-54,120,-72,72
199	0,2,-14,6,2,15,6,0,1,-15	6,-11,15,8,8,16,5	1	6,-9,1,14,10,31,11,0,1,-15	0,12,-106,220,-248,62,-131,9,258,129,478,-46,-82,-104,-235,-75	2,-28,18,8,75,36,0,8,-135
200	-45,6,48,-11,-57,-50,-7,-12,-12	-24,-46,-47,24,43,58,53,38,-32,-17,4,-4	3,2	-69,-40,1,13,-14,8,46,26,-44,-17,4,-4	1080,1926,687,-3306,-2173,3139,4910,2511,1092,-2694,-8182,-6286,-1304,735,-202,75,760,184,0,48	6,96,-33,-228,-250,-42,-84,-96
201	14,-2,-3,-15,13,-1,-12,1	7,-13,-16,8,16,-6,-4	1	21,-15,-19,-7,29,-7,-16,1	98,-196,-219,78,542,-76,-491,69,481,-146,-230,92,42,-4	-2,-6,-45,52,-5,-72,7
202	-13	-8,16,-4,4,16,13,-15	1	-21,16,-4,4,16,13,-15	104,-208,52,-52,-208,-169,195	_
203	5,-5,-14,-4,13,10	-13,4,-11,12,-15,-6	1	-8,-1,-25,8,-2,4	-65,85,107,111,-166,-157,89,190,-51,-228,-60	-5,-28,-12,52,50
204	-16,-3,21,-8,-13,5,-13,-27,-16,-4	4,20,24,-6,1,21,6	1,1	-12,17,45,-14,-12,26,-7,-27,-16,-4	-64,-332,-360,412,294,-897,-354,245,-1001,-1222,-288,-270,-637,-502,-180,-24	-3,42,-24,-52,25,-78,-189,-128,-36
205	12,12,-3	_	-12,-12,3	12,12,-3	_	12,-6
206	-12,-4,-3,10,9,-8	10,-12,-2,3,-13,-16	1	-2,-16,-5,13,-4,-24	-120,104,42,108,120,27,211,-39,-301,-40,128	-4,-6,30,36,-40
207	-16,-12,10,-12,-11,15,-1,-5	3,16,10,0,14,-11,0,-5,0,2	1	-13,4,20,-12,3,4,-1,-10,0,2	-48,-292,-322,4,-349,-243,399,-79,-52,199,-143,16,-44,-17,55,-2,-10	-12,20,-36,-44,75,-6,-35
208	-27,18,42,0,-56,-23,6,27,18	-225,-510,-285,600,915,-120,-660,-240	3,2	-252,-492,-243,600,859,-143,-654,-213,18	6075,9720,-10935,-42750,-13275,78645,80430,-46620,-116610,-37680,56280,63405,14790,-21420,-18360,-4320	18,84,0,-224,-115,36,189,144
209	36,36,30,60	11,4,-6,5,-13,1,13,9	1	47,40,24,65,-13,1,13,9	396,540,258,744,-228,-642,414,42,774,1050,540	36,60,180
210	12,13,-10,2,1,2	8,-9,14,6,15,-2,-12,-2	1	20,4,4,8,16,0,-12,-2	96,-4,-29,360,108,146,-312,-96,117,24,-20,-26,-4	13,-20,6,4,10
211	-3,-10,8,-13	5,8,7,10,6,3,8,12	1	2,-2,15,-3,6,3,8,12	-15,-74,-61,-101,-166,-80,-136,-170,-95,-8,-156	-10,16,-39
212	10,1,-25,-3,24,5,4,-2,-26,-17,4,7	-14,-21,-13,7,24,11	1,1	-4,-20,-38,4,48,16,4,-2,-26,-17,4,7	-140,-224,199,624,299,-576,-1083,-300,932,1222,776,-147,-964,-757,-42,212,77	1,-50,-9,96,25,24,-14,-208,-153,40,77
213	13,11,11,3	-11,8,9,-6,-7	1	2,19,20,-3,-7	-143,-17,84,76,-34,-116,-95,-21	11,22,9
214	-6,-15,-2,-9	7	1	1,-15,-2,-9	-42,-105,-14,-63	-15,-4,-27
215	16,13,-14,15,15	-6,-12,10	1	10,1,-4,15,15	-96,-270,88,208,-410,-30,150	13,-28,45,60
216	-39,-2,22,43,5,-47,-13,-15,-14	-24,-46,22,28	3,2	-63,-48,44,71,5,-47,-13,-15,-14	936,1842,-1294,-3180,-1670,2460,3788,64,-576,-50,-728,-392	-2,44,129,20,-235,-78,-105,-112
217	-7,-15	3,-10,11,4	1	-4,-25,11,4	-21,25,73,-193,-60	-15
218	2,-15,-13,-8,-11,-5	16,1,-1,-6,-12,13	1	18,-14,-14,-14,-23,8	32,-238,-225,-138,-105,201,15,-2,58,-83,-65	-15,-26,-24,-44,-25
219	-8,-13,-16,12,10,1,1,14,-9	-5,11,13,2	1	-13,-2,-3,14,10,1,1,14,-9	40,-23,-167,-421,-152,229,160,-26,214,85,-89,-18	-13,-32,36,40,5,6,98,-72
220	42,48,-66,-108,-54,-60,-102,-12,84,36	-3,-3	3,3	39,45,-66,-108,-54,-60,-102,-12,84,36	-126,-270,54,522,486,342,486,342,-216,-360,-108	48,-132,-324,-216,-300,-612,-84,672,324
221	5,-9,-8,-1,9,6,-6,11,7,-9	75,90,-60,-195,135,0,-135,135,90	1	80,81,-68,-196,144,6,-141,146,97,-9	375,-225,-1710,-1230,3495,1665,-2010,-75,2235,-480,-6255,975,5130,-2970,0,3150,-585,-810	-9,-16,-3,36,30,-36,77,56,-81
222	_	-4,-2,8,6	-4,-2,8,6	-4,-2,8,6	_	_
223	-14	-2,-7,9,-3,-7	1	-16,-7,9,-3,-7	28,98,-126,42,98	_
224	18,-12,-34,9,47,58,60,30,-44,-32	30,-1,10,25,-36,17,12,-33,-62,-5,18	3,2	48,-13,-24,34,11,75,72,-3,-106,-37,18	540,-378,-828,634,113,1671,3673,955,-1967,1479,1927,-2939,-3471,-4885,-5226,-48,4714,2744,-632,-576	-12,-68,27,188,290,360,210,-352,-288
225	4,-14,15,3,-16,4,-15,15,10,12	-13,-8,16,-10,-7,-4,-9	1	-9,-22,31,-7,-23,0,-24,15,10,12	-52,150,-19,-423,536,56,-208,194,-565,163,147,11,-115,-259,-138,-108	-14,30,9,-64,20,-90,105,80,108
226	13	-8,7,-4,8,-11,3	1	5,7,-4,8,-11,3	-104,91,-52,104,-143,39	_
227	4,-1,1	-2,6,-13	1	2,5,-12	-8,26,-60,19,-13	-1,2
228	-8,0,11,6,9,-4,-10	3,19,16	1,1	-5,19,27,6,9,-4,-10	-24,-152,-95,227,317,255,38,-254,-160	0,22,18,36,-20,-60
229	5,-4,10,7,-2,-16,13,0,-4,15,-12	-4,14,6,-2,15,-3,-14,12,7	1	1,10,16,5,13,-19,-1,12,3,15,-12	-20,86,-66,78,249,-17,-210,281,-78,-382,659,140,-550,305,-78,-222,320,-39,-84	-4,20,21,-8,-80,78,0,-32,135,-120
230	8,-3,15,12,7,-14,9,-4,15,3	14,-3,10,-2	1	22,-6,25,10,7,-14,9,-4,15,3	112,-66,299,77,218,-127,214,-237,340,-61,149,0,-6	-3,30,36,28,-70,54,-28,120,27
231	-48,-6,30,-90,84,-84,30,-84,36,-54	-8,-8,-15,11,-7,3,8,-2,1	1	-56,-14,15,-79,77,-81,38,-86,37,-54	384,432,528,42,-132,1578,-2430,3384,-1644,1788,-612,954,-606,-330,324,-588,144,-54	-6,60,-270,336,-420,180,-588,288,-486
232	6,-17,-14	3,47,-18,13,69,26,3,2	3,2	9,30,-32,13,69,26,3,2	18,231,-949,-274,445,-1199,-1390,-403,-76,-28	-17,-28
233	4,3	-9	1	-5,3	-36,-27	3
234	-16,-11,11	-75,-135,-180,-165,240,-225	1	-91,-146,-169,-165,240,-225	1200,2985,3540,3135,-4005,-855,5115,-2475	-11,22
235	15,15,-11,-9	-15,-13,12,-16,-6,13,-6,3,-16	1	0,2,1,-25,-6,13,-6,3,-16	-225,-420,150,218,-345,173,315,-134,-246,-219,149,144	15,-22,-27
236	-3,-4,-1	-10,0,-5,-18,-14,-10,7,-9,-24,-21,-12	1,1	-13,-4,-6,-18,-14,-10,7,-9,-24,-21,-12	30,40,25,74,119,104,33,9,101,168,144,69,12	-4,-2
237	9,-8,-7,6,0,1,-5,-1	-3,-4,10,1	1	6,-12,3,7,0,1,-5,-1	-27,-12,143,-61,-102,50,17,33,-45,-15,-1	-8,-14,18,0,5,-30,-7
238	-8,6,-12,-6,1	-7,11	1	-15,17,-12,-6,1	56,-130,150,-90,-73,11	6,-24,-18,4
239	15,5,4	16,14	1	31,19,4	240,290,134,56	5,8
240	27,51,70,74,73,72,-17,-39,6,-10,-51,-26	-30,10,5,35,-12,-73,-6,58,28,-6,-4	3,2	-3,61,75,109,61,-1,-23,19,34,-16,-55,-26	-810,-1260,-1455,-320,361,-1193,-540,-823,-1119,-1741,443,7389,7508,-1703,-3066,3165,2094,-2962,-2900,-382,360,104	51,140,222,292,360,-102,-273,48,-90,-510,-286
241	-9,-1,-6,0,-7,-5,8,9,-2	9,12,16,-15,7	1	0,11,10,-15,0,-5,8,9,-2	-81,-117,-210,47,-207,-46,-142,202,244,-35,-111,93,-14	-1,-12,0,-28,-25,48,63,-16
242	-54,42,54,-96,54,66,90,-72,84,-60	7,-10,-8	1	-47,32,46,-96,54,66,90,-72,84,-60	-378,834,390,-1548,906,690,-462,-1932,588,-684,-72,480	42,108,-288,216,330,540,-504,672,-540
243	-11	8,13,-6,14	1	-3,13,-6,14	-88,-143,66,-154	_
244	7,11,8,-8,-3,2,7,2,-26,-14	5,5	1,1	12,16,8,-8,-3,2,7,2,-26,-14	35,90,95,0,-55,-5,45,45,-120,-200,-70	11,16,-24,-12,10,42,14,-208,-126
245	1,-5,-6,-1,-16,13,11	12,16,14,12,12,-5,-13,1,16,8,-1	1	13,11,8,11,-4,8,-2,1,16,8,-1	12,-44,-138,-166,-340,-251,44,250,212,303,137,-299,-388,92,296,75,-11	-5,-12,-3,-64,65,66
246	15,-4	_	-15,4	15,-4	_	-4
247	-1,8,1,-7,-12,-11,4,12,-11,10	165,210	1	164,218,1,-7,-12,-11,4,12,-11,10	-165,1110,1845,-945,-3450,-4335,-1650,2820,705,-660,2100	8,2,-21,-48,-55,24,84,-88,90
248	27,18	-24,-64,-8,-5,-17,-2	3,2	3,-46,-8,-5,-17,-2	-648,-2160,-1368,-279,-549,-360,-36	18
249	-14,9,5,-3,-8,0,13	-1,-6,-13,13,7,-6,14,8,11,-1,-6	1	-15,3,-8,10,-1,-6,27,8,11,-1,-6	14,75,123,-326,-20,299,-163,-219,-219,328,85,-234,67,130,191,-13,-78	9,10,-9,-32,0,78
250	-9,8,-9,-15,-16,12,4,-4	-8,14,2,15	1	-17,22,-7,0,-16,12,4,-4	72,-190,166,-125,20,-485,-121,-128,132,52,-60	8,-18,-45,-64,60,24,-28
251	13,-6,-11,-10,-9,2,-2	-11,-15,13	1	2,-21,2,-10,-9,2,-2	-143,-129,380,197,106,-17,-125,56,-26	-6,-22,-30,-36,10,-12
252	15,-1,-7,6,9,17,0,-5	-5,2,10,12,-5,-19,-5	1,1	10,1,3,18,4,-2,-5,-5	-75,35,183,126,-190,-371,175,411,70,-336,-428,-60,95,25	-1,-14,18,36,85,0,-35
253	-48,78,-84	4,13,15,-16,-14,-2,14,2,6,-2,15	1	-44,91,-69,-16,-14,-2,14,2,6,-2,15	-192,-312,-42,846,-1836,348,348,1164,-1308,396,-1380,1338,-1260	78,-168
254	-1,13,7,5,4,6	-13,10,-3,16,0,7,14,0,-3,-1,5	1	-14,23,4,21,4,13,14,0,-3,-1,5	13,-179,42,-50,185,52,205,277,232,60,59,127,18,3,14,30	13,14,15,16,30
255	5	1,-4,7,-12,-11,-12	1	6,-4,7,-12,-11,-12	5,-20,35,-60,-55,-60	_
256	-48,-59,15,34,32,10,44,41,-39,18,32	-45,-42,22,38,-33,9,-10,-15,51,39,6	3,2	-93,-101,37,72,-1,19,34,26,12,57,38	2160,4671,747,-5282,-3196,1039,-950,-1934,-1082,-2086,-5512,-2002,5502,1163,1707,4560,-716,-837,2100,1356,192	-59,30,102,128,50,264,287,-312,162,320
257	-5,0,-15,-5,13,5,-4,11,-13,-8,3	5,6,1,-15,1,9,13,12	1	0,6,-14,-20,14,14,9,23,-13,-8,3	-25,-30,-80,-40,15,278,18,-359,-305,-170,-61,401,217,-75,-106,-233,-57,36	0,-30,-15,52,25,-24,77,-104,-72,30
258	0,3,12,-14,5	-6,-10,10,-15,-3,2,-13,-15,-8,11	1	-6,-7,22,-29,2,2,-13,-15,-8,11	0,-18,-102,-6,185,-379,230,-48,-244,-12,82,169,-194,55	3,24,-42,20
259	_	-3,5,-3,2	-3,5,-3,2	-3,5,-3,2	_	_
260	-16,-22,4,10	-15,45,255,30,-255,-15,-90,30,315,120	1,1	-31,23,259,40,-255,-15,-90,30,315,120	240,-390,-5130,-6060,4890,8520,1050,-1110,-6210,-9630,-1080,3630,1200	-22,8,30
261	10,5,-14,-2,14,-14,-9	-13,-15,-2,13,-15,9,-8	1	-3,-10,-16,11,-1,-5,-17	-130,-215,87,356,-209,-191,448,209,-280,235,-103,31,72	5,-28,-6,56,-70,-54
262	8,4,-11,-16,-15,-4,-4,4,-7,-7,-5	10	1	18,4,-11,-16,-15,-4,-4,4,-7,-7,-5	80,40,-110,-160,-150,-40,-40,40,-70,-70,-50	4,-22,-48,-60,-20,-24,28,-56,-63,-50
263	-8,14,2,-1,-2,10,16	2,-2,-15,-13,-11,-2,5,12,10,-6	1	-6,12,-13,-14,-13,8,21,12,10,-6	-16,44,96,-112,-126,-125,-35,-175,-248,-107,-282,-28,186,304,100,-96	14,4,-3,-8,50,96
264	144,-120,-144,-72,78,-204,-462,-468,-462,18,150,12	-12,-38,-32,-41,-31,36,-17,-36,26,53,22	3,2	132,-158,-176,-113,47,-168,-479,-504,-436,71,172,12	-1728,-4032,1680,4272,6864,16596,11448,20406,51978,71310,32796,-1086,1722,-1890,-900,-19788,-49746,-39918,-5742,8658,3936,264	-120,-288,-216,312,-1020,-2772,-3276,-3696,162,1500,132
265	13,9,2,-15,-9,4,-6,-12,-2	-12,13,-12,-4,-12,-13,-9,10	1	1,22,-10,-19,-21,-9,-15,-2,-2	-156,61,-63,46,-303,-270,34,257,299,366,23,104,274,74,-102,-20	9,4,-45,-36,20,-36,-84,-16
266	11,-1,-8,-16,9,-15,-1,15,15	13,-9,4,9,9,9,15,5	1	24,-10,-4,-7,18,-6,14,20,15	143,-112,-51,-41,319,-322,98,49,-267,-418,106,81,180,355,300,75	-1,-16,-48,36,-75,-6,105,120
267	-3,-5,-14,13,-15,-14	3,4,-6,10,6,-4,-7,12	1	0,-1,-20,23,-9,-18,-7,12	-9,-27,-44,-17,23,-338,121,67,-244,-283,317,-82,-168	-5,-28,39,-60,-70
268	-8,-19,-21,-15,-5,16,0,-20,1,14,9	10,10	1,1	2,-9,-21,-15,-5,16,0,-20,1,14,9	-80,-270,-400,-360,-200,110,160,-200,-190,150,230,90	-19,-42,-45,-20,80,0,-140,8,126,90
269	-1,-9,-9,-1,-7,13,10,-15,-8,10,-4	-13,7,15,-11,-6,6,-4,8,-7,1,9	1	-14,-2,6,-12,-13,19,6,-7,-15,11,5	13,110,39,-174,54,-86,-129,517,13,-647,250,169,-181,-31,-124,104,227,-245,-34,86,-36	-9,-18,-3,-28,65,60,-105,-64,90,-40
270	-9,-9	3,16,13,-16,-12,2,-15,0,11	1	-6,7,13,-16,-12,2,-15,0,11	-27,-171,-261,27,252,90,117,135,-99,-99	-9
271	-9,-3,2,6,-5,10,-11,14,1	-15,7,-2	1	-24,4,0,6,-5,10,-11,14,1	135,-18,-33,-70,113,-197,245,-307,105,-21,-2	-3,4,18,-20,50,-66,98,8
272	30,20	-39,-2,-23,-44,30,7,31,0,-20	3,2	-9,18,-23,-44,30,7,31,0,-20	-1170,-840,-730,-1780,20,810,1070,620,-600,-400	20
273	2,-15,7,-4,-12,-4,-14,5,6,2	240,120,225,-165,60,-135,90,90	1	242,105,232,-169,48,-139,76,95,6,2	480,-3360,330,-3825,810,-5625,-3255,-1755,-1350,6285,-975,210,-2265,-1500,720,720,180	-15,14,-12,-48,-20,-84,35,48,18
274	6,-11,-8,3,-3,16	-13,-11,-15,-5,2,-3,14,0,-15,16	1	-7,-22,-23,-2,-1,13,14,0,-15,16	-78,77,135,184,193,-220,-45,-349,-297,344,-146,51,93,-288,256	-11,-16,9,-12,80
275	-66,-96,6,-84,-6,66,24,72,78,-54	12,13,10,-15,-11,9,3,-9,-14,-1	1	-54,-83,16,-99,-17,75,27,63,64,-55	-792,-2010,-1836,-900,1062,246,1218,3210,2238,1050,78,-864,246,378,-1302,-1896,-678,678,54	-96,12,-252,-24,330,144,504,624,-486
276	14,14	5,15,15,-3,-3,19,14	1,1	19,29,15,-3,-3,19,14	70,280,420,168,-84,224,462,196	14
277	-13,-1,-7,4,9,-9,9,-15,7,13	10,-14	1	-3,-15,-7,4,9,-9,9,-15,7,13	-130,172,-56,138,34,-216,216,-276,280,32,-182	-1,-14,12,36,-45,54,-105,56,117
278	-13,12,3,13,1,-3,-4,14	6	1	-7,12,3,13,1,-3,-4,14	-78,72,18,78,6,-18,-24,84	12,6,39,4,-15,-24,98
279	-5,14,-7,6,-11,-2	-9,-12,6,-3,12,0,8,10,-6	1	-14,2,-1,3,1,-2,8,10,-6	45,-66,-135,129,-117,375,-184,155,-12,-130,14,-162,46,12	14,-14,18,-44,-10
280	39,-10,-60,-33,-6	-3,-23,-50,3,-21,-23,-13,29,29,32,56,24	3,2	36,-33,-110,-30,-27,-23,-13,29,29,32,56,24	-117,-867,-1540,2096,2928,921,1184,3316,2506,-215,-755,-2675,-4830,-3480,-1128,-144	-10,-120,-99,-24
281	-10,15,1,-16,-13,-10	14,-9,8,4	1	4,6,9,-12,-13,-10	-140,300,-201,-153,30,-147,-78,-132,-40	15,2,-48,-52,-50
282	15,6,14,-16,-6,-11,8,-12	10	1	25,6,14,-16,-6,-11,8,-12	150,60,140,-160,-60,-110,80,-120	6,28,-48,-24,-55,48,-84
283	16,-1,14,-14,-15	-1,9,5,15,15,-10,11	1	15,8,19,1,0,-10,11	-16,145,57,375,184,-170,111,-586,69,-4,-165	-1,28,-42,-60
284	14,3,-20,-22,-16,4,-3,-10,-16,-20,-4	-13,0,6,-16,6,23,6,12,1,-13	1,1	1,3,-14,-38,-10,27,3,2,-15,-33,-4	-182,-39,344,80,124,476,328,4,-546,-647,-229,77,270,-308,-755,-375,-150,140,256,52	3,-40,-66,-64,20,-18,-70,-128,-180,-40
285	12,-6,11,1	10,-10	1	22,-16,11,1	120,-180,170,-100,-10	-6,22,3
286	60,90	-15,-240,135,-75,-75	15	45,-150,135,-75,-75	-900,-15750,-13500,7650,-11250,-6750	90
287	8,-11,-5	_	-8,11,5	8,-11,-5	_	-11,-10
288	-24,26,34,4	-48,-26,-38,17,18,40,17,32,28	3,2	-72,0,-4,21,18,40,17,32,28	1152,-624,-1396,-2472,-1386,-66,1312,1106,898,1884,1080,112	26,68,12
289	-11,5,-13,12,3,-8	12,-4,12,-7,9,14,-1,-12,4,9	1	1,1,-1,5,12,6,-1,-12,4,9	-132,104,-308,333,-302,18,-52,-64,160,35,-266,-97,216,-5,-72	5,-26,36,12,-40
290	-16,9,-14	3,10,9,16,0,3	1	-13,19,-5,16,0,3	-48,-133,-96,-315,18,-272,27,-42	9,-28
291	-6,-8,-11,-7,-16,-16,-15	4,-12,3,-3,15,-13,-12,-8,-5,-13	1	-2,-20,-8,-10,-1,-29,-27,-8,-5,-13	-24,40,34,98,-79,98,116,362,80,303,390,693,479,408,283,195	-8,-22,-21,-64,-80,-90
292	-4,1,5	-9,0,3,-2,15,24,29,8,-1,-7,-7,7	1,1	-13,1,8,-2,15,24,29,8,-1,-7,-7,7	36,-9,-57,11,-47,-91,-17,117,157,67,16,-70,-28,35	1,10
293	-15	-10,-3,-2,15,-3,2,9	1	-25,-3,-2,15,-3,2,9	150,45,30,-225,45,-30,-135	_
294	8,-4,0,-16,4,-1,14,2,11	10,9	1	18,5,0,-16,4,-1,14,2,11	80,32,-36,-160,-104,26,131,146,128,99	-4,0,-48,16,-5,84,14,88
295	-16,-1,-5,2	5,-7,-9,-7,-9,5,14,-2,-15	1	-11,-8,-14,-5,-9,5,14,-2,-15	-80,107,126,166,182,-54,-198,-25,182,53,71,-30	-1,-10,6
296	_	-42,-25,-10,13,44,5,-52,14,10,-33,-14	42,25,10,-13,-44,-5,52,-14,-10,33,14	-42,-25,-10,13,44,5,-52,14,10,-33,-14	_	_
297	78,-78,36,84	14,-16,-13,10,2,5,-1,1,6,-11	1	92,-94,23,94,2,5,-1,1,6,-11	1092,-2340,738,2394,-2436,-498,444,504,774,-1374,1158,108,-924	-78,72,252
298	15,-7,3,2,8,-13,-7,11,2	-5,-3,-3,-15,-5,10,-4,14,16,9	1	10,-10,0,-13,3,-3,-11,25,18,9	-75,-10,-39,-223,-25,175,-125,143,283,268,-285,68,92,-258,-83,141,131,18	-7,6,6,32,-65,-42,77,16
299	-2,-7,6,-14,2,-14,3,-16,10,-7	210,-90,-45,120,-90,-240,210,165	1	208,-97,-39,106,-88,-254,213,149,10,-7	-420,-1290,1980,-3405,750,-660,840,-4740,5010,-2460,-540,-375,420,-4635,1140,180,-1155	-7,12,-42,8,-70,18,-112,80,-63
300	2,2	-6,-19,-6,0,-16,-19,5,15	1,1	-4,-17,-6,0,-16,-19,5,15	-12,-50,-50,-12,-32,-70,-28,40,30	2
301	-11,1	-8,-11,5,-11,15,-1,-14,-10	1	-19,-10,5,-11,15,-1,-14,-10	88,113,-66,126,-176,26,153,96,-10	1
302	0,-2,-5,8,-6,-14,6	-9,-9,6,1,-16,8,7,8,4,15,-12	1	-9,-11,1,9,-22,-6,13,8,4,15,-12	0,18,63,-39,-50,255,108,-326,131,190,-236,-117,86,-194,-114,258,-72	-2,-10,24,-24,-70,36
303	-8	-6	2	-14	48	_
304	-3,31,70,2,-20	36,-15,-71,-3,-18,-24	3,2	33,16,-1,-1,-38,-24	-108,1161,2268,-3170,-5759,-538,-590,-1656,312,480	31,140,6,-80
305	15,14,-7,13	0,0,-2,1	1	15,14,-9,14	0,0,-30,-13,28,-33,13	14,-14,39
306	12,15	-6,-6,-7,-15,-16,12	1	6,9,-7,-15,-16,12	-72,-162,-174,-285,-417,-96,180	15
307	4,16,-5,-4,-15,-6	4,-15,16,0,15,-11,1,12,2,7,-9	1	8,1,11,-4,0,-17,1,12,2,7,-9	16,4,-196,315,-20,333,-397,-37,14,71,69,-373,-85,-81,93,54	16,-10,-12,-60,-30
308	-60,-72,48,126,156,90	0,0,-4,-4	2,2	-60,-72,44,122,156,90	0,0,240,528,96,-696,-1128,-984,-360	-72,96,378,624,450
309	10,13,-3,2,1,-14	1,5,2,7,-3,-2	1	11,18,-1,9,-2,-16	10,63,82,83,66,-85,-71,-21,-105,40,28	13,-6,6,4,-70
310	13,-14	0,0,-10,-16,-13,2,1	1	13,-14,-10,-16,-13,2,1	0,0,-130,-68,55,208,-15,-14	-14
311	-5,-14,10,-8,-9	-12,-14,-12,-15,0,10,1,11,-9,-12	1	-17,-28,-2,-23,-9,10,1,11,-9,-12	60,238,136,199,310,22,83,166,-179,198,-19,-147,177,108	-14,20,-24,-36
312	15,10,-6,-46,-46,-12	720,-105,-390	3,2	735,-95,-396,-46,-46,-12	10800,5625,-11220,-36390,-25950,14130,19200,4680	10,-12,-138,-184,-60
313	16,-13,6,7,0,0,6,-12	-3	1	13,-13,6,7,0,0,6,-12	-48,39,-18,-21,0,0,-18,36	-13,12,21,0,0,36,-84
314	11,12,11,3	-12	1	-1,12,11,3	-132,-144,-132,-36	12,22,9
315	-3,-6,13,1	14,-3,7,-2,-11	1	11,-9,20,-1,-11	-42,-75,179,-61,133,47,-145,-11	-6,26,3
316	11,7,-7,-13,-15,7,18,6	-15,-6,-3,-3,4,2,2,-15,-10	1,1	-4,1,-10,-16,-11,9,20,-9,-10	-165,-171,30,183,347,95,-220,-391,-426,-65,303,429,93,-328,-270,-60	7,-14,-39,-60,35,108,42
317	-3,11,12,-14,9,2,-14,-12	-15	1	-18,11,12,-14,9,2,-14,-12	45,-165,-180,210,-135,-30,210,180	11,24,-42,36,10,-84,-84
318	-6,13	-13,11,-5,15,-13,-7,8	1	-19,24,-5,15,-13,-7,8	78,-235,173,-155,273,-127,-139,104	13
319	12,-60,24	15,9,-14,14	1	27,-51,10,14	180,-792,-348,1224,-1176,336	-60,48
320	-3,-2	21,41,3,20,2,30,-14,-28	3,2	18,39,3,20,2,30,-14,-28	-63,-165,-91,-66,-46,-94,-18,112,56	-2
321	-8,3,9,-9,-3	-13,11,0,12,12	1	-21,14,9,3,9	104,-127,-84,120,-120,111,0,-144,-36	3,18,-27,-12
322	-10,12,0,3,-13,1,-1,7	-12,6,-13,14,11,10,13,-11,12	1	-22,18,-13,17,-2,11,12,-4,12	120,-204,202,-332,232,-97,219,14,-296,-41,-105,259,-110,114,-89,84	12,0,9,-52,5,-6,49
323	9,0,-5,-6,-16,-9,5,-14,-6	-15,12,-12,4,1	1	-6,12,-17,-2,-15,-9,5,-14,-6	-135,108,-33,66,237,-5,-20,308,-190,107,21,-38,-6	0,-10,-18,-64,-45,30,-98,-48
324	16,7,-23,-19,-5	-2,-9,-1,-8,-10,3,-1	1,1	14,-2,-24,-27,-15,3,-1	-32,-158,-33,110,-12,226,392,154,16,4,5	7,-46,-57,-20
325	12,12,-7,-9,13,-1,-1,-14,-14	15,-90,75,90,15,-225,-105,135,-195	1	27,-78,68,81,28,-226,-106,121,-209	180,-900,-285,2475,1740,-5010,-3825,2775,3120,-5160,-3315,2370,375,4680,-225,840,2730	12,-14,-27,52,-5,-6,-98,-112
326	7,-14,2,7	-1,15,14,-4,-10,6,5	1	6,1,16,3,-10,6,5	-7,119,-114,-201,119,272,-97,-128,52,35	-14,4,21
327	0,-8,-2,-4,12	-6	2	-6,-8,-2,-4,12	0,48,12,24,-72	-8,-4,-12,48
328	24,4,-5,14,8	_	24,4,-5,14,8	24,4,-5,14,8	_	4,-10,42,32
329	5,3,3,-1,-13,14,-16	4,7,-13,-13	1	9,10,-10,-14,-13,14,-16	20,47,-32,-87,-137,-61,216,-125,26,208	3,6,-3,-52,70,-96
330	-54,-24,-60	-6	6	-60,-24,-60	324,144,360	-24,-120
331	1,-14,9,14,-5,10,-8,15,-15	15,3,-13,4,10,2,6,-16,-14,-14,-9	1	16,-11,-4,18,5,12,-2,-1,-29,-14,-9	15,-207,80,423,-196,-149,99,109,206,-60,2,18,-535,-8,-313,52,72,75,135	-14,18,42,-20,50,-48,105,-120
332	-16,-24,-20,-26,-14,-7,6,26,27,14	-15,-31,-16	1,1	-31,-55,-36,-26,-14,-7,6,26,27,14	240,856,1300,1394,1336,955,351,-464,-1307,-1463,-866,-224	-24,-40,-78,-56,-35,36,182,216,126
333	_	-4,-6,-9,-14	4,6,9,14	-4,-6,-9,-14	_	_
334	16,-14,5,11,-10,-16,8	-3,3,4,9,-11	1	13,-11,9,20,-21,-16,8	-48,90,7,70,-219,261,-68,-251,-2,248,-88	-14,10,33,-40,-80,48
335	-6,1,-16,-6,-9,-12	-4,14,-2,-3,0,11,-5,13,-3,12	1	-10,15,-18,-9,-9,-1,-5,13,-3,12	24,-88,90,-184,-19,-84,-91,-208,81,-352,-105,-231,-201,-72,-144	1,-32,-18,-36,-60
336	33,58,0,-10,-8,4,8	-3,-50,-32	3,2	30,8,-32,-10,-8,4,8	-99,-1824,-3956,-1826,524,708,32,-528,-256	58,0,-30,-32,20,48
337	1,15,0,-11,-7,15,12,-2	14,-11,2,-10	1	15,4,2,-21,-7,15,12,-2	14,199,-163,-134,-127,265,99,-60,-104,-124,20	15,0,-33,-28,75,72,-14
338	-8	-75,195,-165,45,-75,-30,150,-225,-210,30,-210	1	-83,195,-165,45,-75,-30,150,-225,-210,30,-210	600,-1560,1320,-360,600,240,-1200,1800,1680,-240,1680	_
339	-10,12,-11,7,7,-3,-4,-9,0,-11	-14,-12,9,11,0,-13,13,-2	1	-24,0,-2,18,7,-16,9,-11,0,-11	140,-48,-80,32,-149,30,-54,543,-219,51,149,-100,-50,-109,161,-143,22	12,-22,21,28,-15,-24,-63,0,-99
340	-9,2,22,2,3,2,-16,-16,-14,-7,5,8	-6,-6	1,1	-15,-4,22,2,3,2,-16,-16,-14,-7,5,8	54,42,-144,-144,-30,-30,84,192,180,126,12,-78,-48	2,44,6,12,10,-96,-112,-112,-63,50,88
341	72	12,-6,-12	6	84,-6,-12	864,-432,-864	_
342	-5,1,-5,8,-7,12,10	7,-3,12,-7,15,7	1	2,-2,7,1,8,19,10	-35,22,-98,118,-215,216,-174,248,-13,61,234,70	1,-10,24,-28,60,60
343	-10,15,3,-13,-6,-10,15,13,16,-15	0,8,-3,4,-1,4	1	-10,23,0,-9,-7,-6,15,13,16,-15	0,-80,150,-61,-43,-52,-57,151,-27,135,-171,156,-24,79,-60	15,6,-39,-24,-50,90,91,128,-135
344	42,-2,25,30	39,53,30,23,7,-32,-20,-45,-30	3,2	81,51,55,53,7,-32,-20,-45,-30	1638,2148,2129,3401,2588,117,89,-2440,-2630,-1665,-2100,-900	-2,50,90
345	14,10,-4	9,6,16	1	23,16,12	126,174,248,136,-64	10,-8
346	11,-14,9,-12,4,-6,-8	-15,-1,8,9,12,-15,-9,-7,12,15	1	-4,-15,17,-3,16,-21,-17,-7,12,15	-165,199,-33,158,30,-262,269,-234,259,-162,-60,137,-18,44,-186,-120	-14,18,-36,16,-30,-48
347	-10,2,12,8,-5	7,2,14,-3,-6,-9,-15,-4,-14,16	1	-3,4,26,5,-11,-9,-15,-4,-14,16	-70,-6,-52,138,203,144,-34,-131,-90,-311,-93,100,198,-80	2,24,24,-20
348	5,8,8,1,-4	0,12,-4,-12,1,-3	1,1	5,20,4,-11,-3,-3	0,60,76,4,-111,-155,-12,25,-7,12	8,16,3,-16
349	6,1,-2	-4,-11,-5,-1,2,12,1,6,1,16,9	1	2,-10,-7,-1,2,12,1,6,1,16,9	-24,-70,-33,11,21,76,14,13,10,85,68,-23,-18	1,-4
350	15,-13,-7,-11,15,-7,-6,-16,9,10	-11,10,-13,10,-9,-2,-11,12,-11,9,3	1	4,-3,-20,-1,6,-9,-17,-4,-2,19,3	-165,293,-248,370,-449,387,-385,793,-608,476,-401,392,-252,175,-263,99,-141,-77,117,30	-13,-14,-33,60,-35,-36,-112,72,90
351	-11,15,6,10,-4,-6,-9,-5,11,-15,-1	-90,195	1	-101,210,6,10,-4,-6,-9,-5,11,-15,-1	990,-3495,2385,270,2310,-240,-360,-1305,-1965,3495,-2835,-195	15,12,30,-16,-30,-54,-35,88,-135,-10
352	288,336,96,180,-132,-186,-102,-312,-168	-42,8,-6,-26,-46,-13,49,-1,-18	3,2	246,344,90,154,-178,-199,-53,-313,-186	-12096,-11808,-3072,-16296,-15576,-16020,4236,23484,12924,16128,7854,7824,9348,-9654,-6084,5784,3024	336,192,540,-528,-930,-612,-2184,-1344
353	16,1,-1	0,1,-13	1	16,2,-14	0,16,-207,-14,13	1,-2
354	16,3,2,-13,-4,7,-11	7,-2	1	23,1,2,-13,-4,7,-11	112,-11,8,-95,-2,57,-91,22	3,4,-39,-16,35,-66
355	-12,1,8,-5,7,-6,0,-6,-7,12	3,-13,6,8,-13,-1	1	-9,-12,14,3,-6,-7,0,-6,-7,12	-36,159,-61,-209,298,-76,-25,59,-77,162,-240,94,193,-149,-12	1,16,-15,28,-30,0,-42,-56,108
356	-9,-14,8,7,-17,-11	-2,-9,-3,0,-10,8,14	1,1	-11,-23,5,7,-27,-3,14	18,109,137,-44,37,222,-168,-169,338,72,-326,-154	-14,16,21,-68,-55
357	-11	13,16,10	1	2,16,10	-143,-176,-110	_
358	6,16,-1,-14,11,13,-11	-13,2,-8	1	-7,18,-9,-14,11,13,-11	-78,-196,-3,52,-163,-35,81,-126,88	16,-2,-42,44,65,-66
359	2,-3,12,-3,12,-8,-3,11,-2,-4	5,-3,6,-3,12,-12,11,16	1	7,-6,18,-6,24,-20,8,27,-2,-4	10,-21,81,-75,174,-190,292,-201,227,-20,111,254,-305,49,202,-76,-64	-3,24,-9,48,-40,-18,77,-16,-36
360	-24,8,22,4	-15,-55,-30,39,26	3,2	-39,-47,-8,43,26	360,1200,-50,-2446,-1192,946,728,104	8,44,12
361	-15,7,-14,16	1,4,-1,-1,-3,3,-12,-1,-13,-11,12	1	-14,11,-15,15,-3,3,-12,-1,-13,-11,12	-15,-53,29,-32,116,-68,227,-159,404,-104,-91,30,-344,192	7,-28,48
362	-9,-15,-16,1,-3,-11	2,14,-1,7,-4,-3,-5,4	1	-7,-1,-17,8,-7,-14,-5,4	-18,-156,-233,-270,-45,-90,10,73,-48,-16,52,43,-44	-15,-32,3,-12,-55
363	60,48	4,7,-16,-5,4,4,-6,-4	1	64,55,-16,-5,4,4,-6,-4	240,612,-624,-1068,0,432,-168,-528,-192	48
364	-15,-2,-3,-28,2,19,9,15,6,0,5	15,105,-30,-90,90,225,30,-315,-255,-120,-45	1,1	0,103,-33,-118,92,244,39,-300,-249,-120,-40	-225,-1605,195,675,-3990,-1950,3420,1890,-2070,3945,14190,10890,1035,-5310,-8760,-6525,-3585,-2970,-1545,-600,-225	-2,-6,-84,8,95,54,105,48,0,50
365	-5,-2,0,-2,3,-9,-10,14,-16,-8,-6	-5,-6,-9,-16,0,16,0,9,6,-7,-8	1	-10,-8,-9,-18,3,7,-10,23,-10,-15,-14	25,40,57,108,29,-35,77,-22,150,241,-110,235,357,-309,-23,-14,-186,-102,148,106,48	-2,0,-6,12,-45,-60,98,-128,-72,-60
366	13	-5,-13,6	1	8,-13,6	-65,-169,78	_
367	-1,15,-12,5,9,12,15,-12	0,-9,-15,-10,15,2,-8,-15,-9	1	-1,6,-27,-5,24,14,7,-27,-9	0,9,-120,-107,-30,187,-435,-459,-212,233,330,-426,-405,-237,45,108	15,-24,15,36,60,90,-84
368	-3,19,59,30	-12,-50,-55,-15,-22,-31,-4,4,12,17,6	3,2	-15,-31,4,15,-22,-31,-4,4,12,17,6	36,-78,-1493,-4310,-4964,-2860,-2325,-2577,-1126,293,1133,1477,864,180	19,118,90
369	-11,-12,-7	_	11,12,7	-11,-12,-7	_	-12,-14
370	_	-14,3,-13,3,-14,-5,4,-6,-13	14,-3,13,-3,14,5,-4,6,13	-14,3,-13,3,-14,-5,4,-6,-13	_	_
371	8,6,-8,-16,-13,16,3,-11,8,-11,10	-7,12,8,-5	1	1,18,0,-21,-13,16,3,-11,8,-11,10	-56,54,192,24,-195,-356,147,306,-244,70,-83,-8,135,-50	6,-16,-48,-52,80,18,-77,64,-99,100
372	-16,-16	-5,5,16,16,2,7,15	1,1	-21,-11,16,16,2,7,15	80,0,-336,-512,-288,-144,-352,-240	-16
373	4,-3	3,3,4	1	7,0,4	12,3,7,-12	-3
374	48,12	-14,14,-2,9,-8,-13,16,-9,-11,8,2	1	34,26,-2,9,-8,-13,16,-9,-11,8,2	-672,504,72,408,-276,-720,612,-240,-636,252,192,24	12
375	11,2,1,-7,15,-15,5,9,11,1,7	15,-14,-16,5,-10,13	1	26,-12,-15,-2,5,-2,5,9,11,1,7	165,-124,-189,-96,207,-195,26,463,-357,87,-285,-84,-100,168,-57,91	2,2,-21,60,-75,30,63,88,9,70
376	36,24	6,-38,-28,-45,-72,-61,5,-12,-17,2	3,2	42,-14,-28,-45,-72,-61,5,-12,-17,2	216,-1224,-1920,-2292,-3672,-3924,-1284,-312,-900,-336,48	24
377	8,-4,-3,10	-225,-30,-240	1	-217,-34,-243,10	-1800,660,-1125,-1200,420,-2400	-4,-6,30
378	10,-11,11,-12,5,-7,4	1,13,-11,-12,15	1	11,2,0,-24,20,-7,4	10,119,-242,132,10,-107,167,-111,115,-153,60	-11,22,-36,20,-35,24
379	-16,-4,7,8	12,-2,-12	1	-4,-6,-5,8	-192,-16,284,130,-100,-96	-4,14,24
380	-14,-18,8,15,3	-4,-4	1,1	-18,-22,8,15,3	56,128,40,-92,-72,-12	-18,16,45,12
381	13,-11	13	1	26,-11	169,-143	-11
382	-1	-8,10,-13,-3,12,-8,-8,9,-15	1	-9,10,-13,-3,12,-8,-8,9,-15	8,-10,13,3,-12,8,8,-9,15	_
383	-8,14,13,-6,12,0,16,-7,-15,-6,13	16,13,6,-10,7	1	8,27,19,-16,19,0,16,-7,-15,-6,13	-128,120,342,237,-4,88,479,-66,-151,-493,222,234,33,-172,91	14,26,-18,48,0,96,-49,-120,-54,130
384	21,-1,23,52,-22,-22,-41,-72,-34,-4	-12,-41,5,42,-23,19,33,2	3,2	9,-42,28,94,-45,-3,-8,-70,-34,-4	-252,-849,-130,-690,-2278,2814,3613,761,4482,1210,-3127,-1341,-2151,-3012,-1342,-200,-8	-1,46,156,-88,-110,-246,-504,-272,-36
385	84,72,-66,54,0,66	-5,14,-6,-16,-9,-14,-10,16,14	1	79,86,-72,38,-9,52,-10,16,14	-420,816,834,-2970,-756,-1422,-1194,666,1176,-1182,-984,96,1056,924	72,-132,162,0,330
386	-12,-9,-10,-6,12,14	3,-14,-13,-15,-4	1	-9,-23,-23,-21,8,14	-36,141,252,419,433,138,-222,-338,-258,-56	-9,-20,-18,48,70
387	6,-15,2,-6	10,9,-7,12,5,-7,-5	1	16,-6,-5,6,5,-7,-5	60,-96,-157,135,-218,-51,13,31,32,30	-15,4,-18
388	5,11,-5,0,11	-12,-26,-7,4,6,6,4,11,-8,-7,5	1,1	-7,-15,-12,4,17,6,4,11,-8,-7,5	-60,-262,-261,73,-23,-210,-21,113,127,-112,32,211,-113,-77,55	11,-10,0,44
389	-3	1,-12,11,-6,-15,-16,6,16,-7	1	-2,-12,11,-6,-15,-16,6,16,-7	-3,36,-33,18,45,48,-18,-48,21	_
390	-3,2,-14,-6	15,210,105,225,240,150,-225,-15,165	1	12,212,91,219,240,150,-225,-15,165	-45,-600,-105,-3495,-3000,-3750,-3735,-3945,1725,1890,-2220,-990	2,-28,-18
391	5,-4,-3	8,11,-3,9	1	13,7,-6,9	40,23,-83,24,-27,-27	-4,-6
392	48,56,25,0,-25,-2,11,2	-48,-26,4	3,2	0,30,29,0,-25,-2,11,2	-2304,-3936,-2464,-426,1300,746,-576,-390,-8,8	56,50,0,-100,-10,66,14
393	-7,1	-12,2,-12,-3,4,14,-10,-12,-16,-12,6	1	-19,3,-12,-3,4,14,-10,-12,-16,-12,6	84,-26,86,9,-31,-94,84,74,100,68,-54,6	1
394	-8,11,-2	8,-9,-10	1	0,2,-12	-64,160,-35,-92,20	11,-4
395	11,-15,6,-5,3,14,4,14	-6,-7,11,10	1	5,-22,17,5,3,14,4,14	-66,13,190,-67,-67,-100,-139,72,86,194,140	-15,12,-15,12,70,24,98
396	0,30,36,24,66,90,84,48,60,90,36	9,0,-16,7,8,-6	1,1	9,30,20,31,74,84,84,48,60,90,36	0,270,324,-264,228,918,-24,-570,210,954,-168,-1140,246,612,-252,-216	30,72,72,264,450,504,336,480,810,360
397	13,14	4,-8,6,-10,-8,-2,2,10,-1,-15,1	1	17,6,6,-10,-8,-2,2,10,-1,-15,1	52,-48,-34,-46,-244,-138,-2,158,127,-209,-197,14	14
398	-10,-2,-5	15,-2,16,-8,-10,6,-9,8,4,15	1	5,-4,11,-8,-10,6,-9,8,4,15	-150,-10,-231,58,36,0,128,-92,-11,-198,-50,-75	-2,-10
399	16,1,8	-7,9,6,-11,5,-10,-7	1	9,10,14,-11,5,-10,-7	-112,137,49,-98,117,-243,-82,-87,-56	1,16
400	18,60,50,54,-8,9,1,-32,9,-4,18,20	18,57,57,18	3,2	36,117,107,72,-8,9,1,-32,9,-4,18,20	324,2106,5346,7566,6864,3684,1047,-150,-1443,-1365,33,1320,2094,1464,360	60,100,162,-32,45,6,-224,72,-36,180,220
401	12,8,-1,13,-5,11	-13	1	-1,8,-1,13,-5,11	-156,-104,13,-169,65,-143	8,-2,39,-20,55
402	2,-5	-2,1,-9,-16,-6,-8,14,0,15	1	0,-4,-9,-16,-6,-8,14,0,15	-4,12,-23,13,68,14,68,-70,30,-75	-5
403	-13	0,105	1	-13,105	0,-1365	_
404	1,1	-7,9,20,18,1,1,9,-15,-21,-9,2	1,1	-6,10,20,18,1,1,9,-15,-21,-9,2	-7,2,29,38,19,2,10,-6,-36,-30,-7,2	1
405	-10,-2,9	1,7,13,-12,1,-3,-6,-15	1	-9,5,22,-12,1,-3,-6,-15	-10,-72,-135,157,131,-80,75,135,-24,-135	-2,18
406	7,16,15,-5,16,-8	-11,6,16,7,8,8,-15,0,3,-6	1	-4,22,31,2,24,0,-15,0,3,-6	-77,-134,43,450,202,393,316,-176,-172,145,-355,15,78,-120,48	16,30,-15,64,-40
407	_	7,-11,9,4,-12,-13,-11,3,-4,-12	-7,11,-9,-4,12,13,11,-3,4,12	7,-11,9,4,-12,-13,-11,3,-4,-12	_	_
408	27,3,-10	-21,-2,29,59,18,34,-20,4,30,4	3,2	6,1,19,59,18,34,-20,4,30,4	-567,-117,987,1700,373,382,-618,-292,1022,158,-288,-40	3,-20
409	-12,15,-3,4,14,-9,8,7,-15,8,-13	-6,2,-13,-7,-12	1	-18,17,-16,-3,2,-9,8,7,-15,8,-13	72,-114,204,-141,2,-129,-240,-55,-105,-117,144,-109,293,-5,156	15,-6,12,56,-45,48,49,-120,72,-130
410	-6,-2,15,-1	_	6,2,-15,1	-6,-2,15,-1	_	-2,30,-3
411	-1,11,-15,-9	-9,6,0,11,-14	1	-10,17,-15,2,-14	9,-105,201,-20,81,-319,111,126	11,-30,-27
412	8,5,-12,-14,8,15,1,-7,-5,-11,-12	-11,-17,-15,6,31,20,-12,-2,27,13	1,1	-3,-12,-27,-8,39,35,-11,-9,22,2,-12	-88,-191,-73,331,608,152,-838,-867,567,1373,356,-588,-189,78,-296,-274,-60,-338,-467,-156	5,-24,-42,32,75,6,-49,-40,-99,-120
413	-1,10,-11,-2,6,2,2,-5,-6,-7	-7,-10,-5,6,1,-15,-12,8,-13	1	-8,0,-16,4,7,-13,-10,3,-19,-7	7,-60,-18,68,92,-105,-225,76,355,-136,97,14,-59,133,111,101,22,91	10,-22,-6,24,10,12,-35,-48,-63
414	4	-3,-13,-7,-5,15,-7,-9	1	1,-13,-7,-5,15,-7,-9	-12,-52,-28,-20,60,-28,-36	_
415	-16,-6,10,-16,0,-8	2,-2,-8,-13,-9,8,-9	1	-14,-8,2,-29,-9,0,-9	-32,20,160,204,174,-92,230,342,-114,216,-64,72	-6,20,-48,0,-40
416	-15,-4,-2,32,42,-24,-24	585,75,-480,-495,-210	3,2	570,71,-482,-463,-168,-24,-24	-8775,-3465,5730,27915,33060,-24420,-51420,-17790,14580,16920,5040	-4,-4,96,168,-120,-144
417	-3,-7,-1,11,16,8,1,14	-2,-16,14,1	1	-5,-23,13,12,16,8,1,14	6,62,72,-107,-229,-119,105,84,-202,197,14	-7,-2,33,64,40,6,98
418	48,66	0,6,-8,-11,-9,16,16,-5,1	1	48,72,-8,-11,-9,16,16,-5,1	0,288,12,-1056,-1158,174,1824,816,-282,66	66
419	13,-8,-8,-3,16,11,-12,2	16,6,5,-11,-6,-4,-5,10,-12,-7	1	29,-2,-3,-14,10,7,-17,12,-12,-7	208,-50,-111,-279,208,341,2,59,-449,-48,48,233,-9,-374,87,60,-14	-8,-16,-9,64,55,-72,14
420	5,9,4	8,8,9,24,10,-11,-19,2,15	1,1	13,17,13,24,10,-11,-19,2,15	40,112,149,233,302,131,-154,-205,17,143,60	9,8
421	16,-11,-15	-8,6,-6,-8,-14,8,16,-5,15,8,-3	1	8,-5,-21,-8,-14,8,16,-5,15,8,-3	-128,184,-42,-152,-46,402,378,-376,55,38,-361,-87,45	-11,-30
422	16,13,5,-15	-7,-11,5,11,4,-12,-5,10,-8,-13	1	9,2,10,-4,4,-12,-5,10,-8,-13	-112,-267,-98,291,397,-160,-381,-25,157,-187,-359,55,195	13,10,-45
423	15,13	2,9,1,6,9,9,15,-14	1	17,22,1,6,9,9,15,-14	30,161,132,103,213,252,342,-15,-182	13
424	6,40,-12,-48,-16	-27,-39,-5,-42,-32	3,2	-21,1,-17,-90,-48	-162,-1314,-1266,1312,492,88,2480,2208,512	40,-24,-144,-64
425	9,-4,16,-9	-12,-16,4,-6,-10,1,-1,1,-9,-10	1	-3,-20,20,-15,-10,1,-1,1,-9,-10	-108,-96,-92,-218,142,-83,-119,119,-110,-29,-113,-79,90	-4,32,-27
426	-16,2,-1,1,-13,10	11,13,-16,-5,-15,15,-5,-2,16,-13	1	-5,15,-17,-4,-28,25,-5,-2,16,-13	-176,-186,271,46,116,-340,458,-103,-95,-108,171,5,-241,329,-130	2,-2,3,-52,50
427	5,-2,-2,-15,4,-4,-4,-8,-3,2	-12,-8,15,13,-15,-13,-8,-8,-8,6	1	-7,-10,13,-2,-11,-17,-12,-16,-11,8	-60,-16,115,231,-59,-270,-39,347,115,18,39,271,117,161,70,48,-40,-34,12	-2,-4,-45,16,-20,-24,-56,-24,18
428	-12,-12	-2,3,14,3,2,6,-15,-19,-6	1,1	-14,-9,14,3,2,6,-15,-19,-6	24,-12,-204,-204,-60,-96,108,408,300,72	-12
429	-60	195,-30,180,90,105,225,-15,-120,-135,120,75	15	135,-30,180,90,105,225,-15,-120,-135,120,75	-11700,1800,-10800,-5400,-6300,-13500,900,7200,8100,-7200,-4500	_
430	6,-5,-11,-2,10	5,6,15,-5,7	1	11,1,4,-7,17	30,11,5,-181,-60,50,83,-64,70	-5,-22,-6,40
431	-3	6,-13,3,-1,-3	1	3,-13,3,-1,-3	-18,39,-9,3,9	_
432	-48,-65,-52,-68,-14,51,71,0,-56,6,8,-8	48,-16,-56,-16	3,2	0,-81,-108,-84,-14,51,71,0,-56,6,8,-8	-2304,-2352,1232,1976,4368,7312,4464,-3768,-7480,48,3424,48,-416,320,128	-65,-104,-204,-56,255,426,0,-448,54,80,-88
433	6,0,-9,-2,4,7,0,2,16,-16	12,-15,-10	1	18,-15,-19,-2,4,7,0,2,16,-16	72,-90,-168,111,168,44,-145,-46,162,-452,80,160	0,-18,-6,16,35,0,14,128,-144
434	7	0,-13,8	1	7,-13,8	0,-91,56	_
435	-1,12,1,0,-12,-10,14,-2,-9,-10,-16	2,-6,-13,15,3,-11,2,-6,14	1	1,6,-12,15,-9,-21,16,-8,5,-10,-16	-2,30,-57,-177,140,114,113,-119,-458,534,257,-17,-27,-399,252,182,-98,-44,-224	12,2,0,-48,-50,84,-14,-72,-90,-160
436	3,-10,-10,-11,-14	4,-10,-21,-19,-7,-9,-19,1,19,-2,-6,9	1,1	7,-20,-31,-30,-21,-9,-19,1,19,-2,-6,9	12,-70,-3,209,433,604,606,626,434,129,67,-116,-274,4,-15,-126	-10,-20,-33,-56
437	11,7,7,9,15,-4,3	1,12,14,-9,16,-13,7,-14,-5,-11,8	1	12,19,21,0,31,-17,10,-14,-5,-11,8	11,139,245,92,334,208,182,-207,97,-477,55,-343,-41,-115,149,-65,24	7,14,27,60,-20,18
438	16	-5,-13,-12,7,-4,-6	1	11,-13,-12,7,-4,-6	-80,-208,-192,112,-64,-96	_
439	-8	9,-13,-1	1	1,-13,-1	-72,104,8	_
440	288,246,-252,-390,-132,108,-72,-96	42,43,31,-22,-30,-37,-22	3,2	330,289,-221,-412,-162,71,-94,-96	12096,22716,8922,-25926,-44178,-25722,-1770,14736,15198,8832,3180,3168,5136,2112	246,-504,-1170,-528,540,-432,-672
441	-14,12	-9,9,-6,-16,-13	1	-23,21,-6,-16,-13	126,-234,192,152,-10,-156	12
442	-2,1,-2	195,60,-30,-45,-105,210	1	193,61,-32,-45,-105,210	-390,75,-270,-60,225,-435,420,-420	1,-4
443	3,16,-3	-8,8,-1,-8,-8,-16,11,-13,-10	1	-5,24,-4,-8,-8,-16,11,-13,-10	-24,-104,149,-64,-149,-152,-199,185,-271,-121,30	16,-6
444	_	-14,-29,-15	14,29,15	-14,-29,-15	_	_
445	0,-15,-12,10,-15,-2,7,-7	2,-2,-7,-5	1	2,-17,-19,5,-15,-2,7,-7	0,-30,6,149,109,16,73,61,-25,14,35	-15,-24,30,-60,-10,42,-49
446	-6,12,-16,5,-16,4,11,5	-16,5,14,10,15,-5,-10,12	1	-22,17,-2,15,-1,-1,1,17	96,-222,232,-52,87,-24,-570,-166,258,78,415,-212,-87,82,60	12,-32,15,-64,20,66,35
447	2,-13,-4,-15,15,13,11,-8,5,16,-14	-11	1	-9,-13,-4,-15,15,13,11,-8,5,16,-14	-22,143,44,165,-165,-143,-121,88,-55,-176,154	-13,-8,-45,60,65,66,-56,40,144,-140
448	6,-11,-16,-7,19,11,-47,0,20	-18,30,-11,-29,28,35,-20,19,-19,-30	3,2	-12,19,-27,-36,47,46,-67,19,1,-30	-108,378,-108,-407,111,815,217,-2504,122,2801,-1030,-1471,1558,-972,163,1790,-380,-600	-11,-32,-21,76,55,-282,0,160
449	12,0,-4,0,12	-11,1,-11	1	1,1,-15,0,12	-132,12,-88,-4,-88,12,-132	0,-8,0,48
450	13,-1,-1,-3,-10,16,7,-9,5,-11,6	-12,-12,8,-1,1	1	1,-13,7,-4,-9,16,7,-9,5,-11,6	-156,-144,128,27,162,-96,-354,159,78,9,116,-174,64,-17,6	-1,-2,-9,-40,80,42,-63,40,-99,60
451	-12,24,36,36,60,-60,60,-30,-36,78,60	_	-12,24,36,36,60,-60,60,-30,-36,78,60	-12,24,36,36,60,-60,60,-30,-36,78,60	_	24,72,108,240,-300,360,-210,-288,702,600
452	-16,-16	-5,0,1,1,-10,-15	1,1	-21,-16,1,1,-10,-15	80,80,-16,-32,144,400,240	-16
453	1,-1,14	14,-4,-14,11,-6,-7,1,-1,4,-9,-4	1	15,-5,0,11,-6,-7,1,-1,4,-9,-4	14,-18,186,-31,-213,153,-76,-100,19,-27,61,-122,-56	-1,28
454	-9,15,3,16,-6,12	-12,10,14,6	1	-21,25,17,22,-6,12	108,-270,-12,-6,364,38,132,132,72	15,6,48,-24,60
455	10,-3,9,-7,-13,-16,11	30,-30,45,-90,240,60,45	1	40,-33,54,-97,227,44,56	300,-390,810,-1515,2895,-1335,3285,-1155,-1200,-5925,1095,-60,495	-3,18,-21,-52,-80,66
456	-33,-16,-38,-61,-58,-69,9,-10,6,56,24	36,72,35,2	3,2	3,56,-3,-59,-58,-69,9,-10,6,56,24	-1188,-2952,-3675,-5558,-7842,-8871,-6796,-2243,-327,2116,5086,3700,952,48	-16,-76,-183,-232,-345,54,-70,48,504,240
457	14,15,0,12,1,11,7,-14,15	7,-11,-5,11,-8,-16,7,-16,-13	1	21,4,-5,23,-7,-5,14,-30,2	98,-49,-235,163,-72,-338,-87,-434,-277,-233,-646,70,-36,-593,238,-58,-195	15,0,36,4,55,42,-98,120
458	0,9,-2,5,-12,-2,-4,-6,7	13,1,5,-8,-14,9,12,10,12,-1	1	13,10,3,-3,-26,7,8,4,19,-1	0,117,-17,108,-233,-123,-45,24,360,77,-6,-90,-369,-61,-22,2,90,-7	9,-4,15,-48,-10,-24,-42,56
459	0,-4,10,11,-6,-13,5,13,-9,-7,-14	-2	1	-2,-4,10,11,-6,-13,5,13,-9,-7,-14	0,8,-20,-22,12,26,-10,-26,18,14,28	-4,20,33,-24,-65,30,91,-72,-63,-140
460	-7,1,9,-3,4,16,23,15	0,-10,-1,22,12,-12,4,15	1,1	-7,-9,8,19,16,4,27,30	0,70,-3,-245,-41,257,-162,-403,314,758,385,28,152,405,225	1,18,-9,16,80,138,105
461	-3,-13,-5,-11,16,3,10,-8,-4,16,-16	13,-7,12,-15	1	10,-20,7,-26,16,3,10,-8,-4,16,-16	-39,-148,-10,-219,420,-130,466,-378,79,-10,-248,364,-432,240	-13,-10,-33,64,15,60,-56,-32,144,-160
462	78,-90	9,2,10,-13,-7,12,-6,-15	1	87,-88,10,-13,-7,12,-6,-15	702,-654,600,-1914,624,1566,-1548,-630,1350	-90
463	13,4	11,12,-6,14,14	1	24,16,-6,14,14	143,200,-30,158,238,56	4
464	24,31,-5,17,36,12	48,32	3,2	72,63,-5,17,36,12	1152,2256,752,656,2272,1728,384	31,-10,51,144,60
465	10,3	15,-12,1,12,-14,4,6,7,16,8	1	25,-9,1,12,-14,4,6,7,16,8	150,-75,-26,123,-104,-2,72,88,181,128,24	3
466	-16,-5,3,7,12,-7,9,-9,15,-13,-16	-2,11	1	-18,6,3,7,12,-7,9,-9,15,-13,-16	32,-166,-61,19,53,146,-95,117,-129,191,-111,-176	-5,6,21,48,-35,54,-63,120,-117,-160
467	-12,15,-4,13,-16,1,-2,3,2,0,12	-4,0,7,8,-16,-7,11	1	-16,15,3,21,-32,-6,9,3,2,0,12	48,-60,-68,-43,348,-101,-173,-148,107,244,-161,-7,9,115,-170,-84,132	15,-8,39,-64,5,-12,21,16,0,120
468	9,12,-6,-10,-15,-3,3,-4,-10,-14	-45,0,-165,-390,-330,-285,-315,-420,-240,60,60	1,1	-36,12,-171,-400,-345,-288,-312,-424,-250,46,60	-405,-540,-1215,-5040,-5985,-2400,1965,3975,3615,8715,14700,16680,12855,6690,7020,9570,8220,2520,-1440,-840	12,-12,-30,-60,-15,18,-28,-80,-126
469	7	3,1,-8,5,-9,-4,-3	1	10,1,-8,5,-9,-4,-3	21,7,-56,35,-63,-28,-21	_
470	0,-1,13	-11,-1,-1	1	-11,-2,12	0,11,-142,-12,-13	-1,26
471	15	15,-2,-8,-11,12,-15,3	1	30,-2,-8,-11,12,-15,3	225,-30,-120,-165,180,-225,45	_
472	-42,17,42,8,-9,15,50,24	18,0,-17,0,-44,-59,-3,46,33,-12,-12	3,2	-24,17,25,8,-53,-44,47,70,33,-12,-12	-756,306,1470,-145,972,1864,-1672,-4636,-1656,2436,-1004,-4909,-1773,2735,2682,12,-888,-288	17,84,24,-36,75,300,168
473	60,90,-96,-24	-12,2,1,12,7,8,-14,9,5,3	1	48,92,-95,-12,7,8,-14,9,5,3	-720,-960,1392,906,1356,-66,-1080,-1656,2262,102,-426,-408,-72	90,-192,-72
474	5,-13,-12,-8,-1,12,-3,-16,15,-15,7	-3,-16,-9,14,5,2,-9,-15,-9,12,-16	1	2,-29,-21,6,4,14,-12,-31,6,-3,-9	-15,-41,199,403,82,-171,-417,-48,643,394,-130,190,-278,250,297,-160,-117,466,-483,324,-112	-13,-24,-24,-4,60,-18,-112,120,-135,70
475	-1,-10,9,-11,1	-10,-12,14,16,14,5,-1,9,-1,-9,-16	1	-11,-22,23,5,15,5,-1,9,-1,-9,-16	10,112,16,-154,74,-167,-85,-92,-139,116,-3,99,-46,167,-16	-10,18,-33,4
476	0,9,-7,-12,4	8,0,-8	1,1	8,9,-15,-12,4	0,72,-56,-168,88,96,-32	9,-14,-36,16
477	-4,5,-15,1,5,-1	16,12,16,-11,5	1	12,17,1,-10,10,-1	-64,32,-244,-40,-223,250,-18,-66,36,-5	5,-30,3,20,-5
478	-13,-2,-1,-16,3,-10	14	1	1,-2,-1,-16,3,-10	-182,-28,-14,-224,42,-140	-2,-2,-48,12,-50
479	15,14,-8	-8,16,9,-2,5,-16	1	7,30,1,-2,5,-16	-120,128,423,-32,-25,-154,-264,128	14,-16
480	21,11,46,32	-3,4,10,-2,23,18	3,2	18,15,56,30,23,18	-63,51,116,156,1049,859,1192,1564,576	11,92,96
481	_	-135,180,-240,0,-150,-75,75,150,-195,150,-150	135,-180,240,0,150,75,-75,-150,195,-150,150	-135,180,-240,0,-150,-75,75,150,-195,150,-150	_	_
482	-5,-2,4,4,0,-13,1,-8,-16	-1,-10,8,12,15,-4,3,2,-1,-6	1	-6,-12,12,16,15,-17,4,-6,-17,-6	5,52,-24,-120,-107,83,230,-78,-55,-35,-141,-383,-255,55,13,-30,64,96	-2,8,12,0,-65,6,-56,-128
483	-12	-11,-1,14,7,-5,11,-10,-2,-9,-2,3	1	-23,-1,14,7,-5,11,-10,-2,-9,-2,3	132,12,-168,-84,60,-132,120,24,108,24,-36	_
484	0,78,150,42,-12,-66,-60,-60,-168,-84	11,11,-1,-3,4,16,2,-2,11,5	1,1	11,89,149,39,-8,-50,-58,-62,-157,-79	0,858,2508,2034,-54,-1038,348,1506,-1482,-2346,60,492,-1290,-3810,-2550,-792,-1980,-1764,-420	78,300,126,-48,-330,-360,-420,-1344,-756
485	-13,11	7,4,-13,15,9,-7,-12,14,6	1	-6,15,-13,15,9,-7,-12,14,6	-91,25,213,-338,48,190,79,-314,76,66	11
486	-16,15,0,3,-6,9,16,-15,-12,-12,-4	14,-15,-2,-4,9,15,8,-12	1	-2,0,-2,-1,3,24,24,-27,-12,-12,-4	-224,450,-193,76,-333,105,186,-105,-200,-7,403,381,-257,-584,-132,-12,112,48	15,0,9,-24,45,96,-105,-96,-108,-40
487	_	2,14,-12,-11,12	2,14,-12,-11,12	2,14,-12,-11,12	_	_
488	-27,-54,-69,-30	-9,24,-19,-38,7,-11,-14	3,2	-36,-30,-88,-68,7,-11,-14	243,-162,-162,666,2454,3111,1629,1305,1296,420	-54,-138,-90
489	1,13,4,-11	2,-9	1	3,4,4,-11	2,17,-109,-58,99	13,8,-33
490	-5	15,-4,3,8	1	10,-4,3,8	-75,20,-15,-40	_
491	5,1,13,-9,6,3	-2,3,-1,-11,10,-4,-6,-2,-3,-7,-15	1	3,4,12,-20,16,-1,-6,-2,-3,-7,-15	-10,13,-28,1,-13,-132,198,-227,-32,-4,-151,-109,-156,84,-111,-45	1,26,-27,24,15
492	-6,-6	_	6,6	-6,-6	_	-6
493	-6,14,-12,-9,-4	-3,-2,2,15	1	-9,12,-10,6,-4	18,-30,-4,-11,216,-190,-143,-60	14,-24,-27,-16
494	2,14,15,3,11,-12,-9,-6,-6	-45,120,-225,-135,180,30	1	-43,134,-210,-132,191,18,-9,-6,-6	-90,-390,555,-1755,-5040,1740,-795,1395,5265,15,180,-540,-1260,-180	14,30,9,44,-60,-54,-42,-48
495	6,-84,0,0,24,-78,-66,60,60	-1,3,1,3,-14,-13	1	5,-81,1,3,10,-91,-66,60,60	-6,102,-246,-66,-360,1248,948,-264,-516,822,2178,198,-1620,-780	-84,0,0,96,-390,-396,420,480
496	-9,12,18,22,45,67,30	39,-16,-7,-31,-75,-36,41,54,-5,10,52,24	3,2	30,-4,11,-9,-30,31,71,54,-5,10,52,24	-351,612,573,765,1580,605,-3050,-4636,-5023,-5851,-2067,4575,6067,3311,3388,4864,3168,720	12,36,66,180,335,180
497	15,16,-15,-14,8	3,-13,-5,-2	1	18,3,-20,-16,8	45,-147,-328,43,249,-4,-12,-16	16,-30,-42,32
498	3,2	12,-14,-14,-1,1,-15,-10,9,-6	1	15,-12,-14,-1,1,-15,-10,9,-6	36,-18,-70,-31,1,-43,-60,7,0,-12	2
499	10,-1,-7,-4,0,-2,15,15,-16,-3	-11,14,15,-10,13	1	-1,13,8,-14,13,-2,15,15,-16,-3	-110,151,213,-169,-21,19,-244,-37,631,-142,-237,310,-178,-39	-1,-14,-12,0,-10,90,105,-128,-27
