2	add	-536870913	-4124	268435457	-4124
3	sub	-1	-4126	1073741825	-4126
4	mul	268435455	-8220	536870913	-8220
5	div	536870911	-29	1073741825	-29
6	neg	-2147483649	-4126	-1073741823	-4126
7	add	2147483647	-2078	3221225473	-2078
8	sub	-1	-2078	1073741825	-2078
9	mul	-134217729	-4123	134217729	-4123
10	div	57896044573724853266534426179898928781602274543425041315494504535450547737941	-255	77194726203144041394298389663570297047212707566488950063872676807114770175317	-255
11	recip	536870911	2017	715827885	2017
12	neg	-4294967297	-2078	-3221225471	-2078
13	add	-1	-285	1610612737	-285
14	sub	-1	-287	1073741825	-287
15	mul	1207959551	-541	1610612737	-541
16	div	-536870915	-28	-268435455	-28
17	neg	-4294967297	-287	-3221225471	-287
18	add	2305843007066210303	-93	2305843008139952129	-93
19	sub	-1	-93	1073741825	-93
20	mul	-536870913	-95	536870913	-95
21	div	3533694129556768651504117298583640433898420536080833880941120768910032897	-241	3533694132847777784536475873284245099313285871850015815633149961810477057	-241
22	recip	144115188075854847	-24	144115188210074625	-24
23	neg	-1152921504606846977	-93	-1152921503533105151	-93
24	add	-1	-1	2147483647	-1
25	sub	1152921502996234239	-30	1152921504069976065	-30
26	mul	2305843004918726653	-3	2305843007066210309	-3
27	div	3533694129556768648439126216851862714523270490210383765590185394768445439	-241	3533694132847777781471484791552467379938135825979565700282214587668889599	-241
28	neg	-1152921506754330625	-31	-1152921505680588799	-31
29	add	-1	-29	1073741825	-29
30	sub	-1	-30	1073741825	-30
31	mul	-134217729	33	134217729	33
32	div	3533694129556768648439126216851862714523270490210383765590185394768445439	-241	3533694132847777781471484791552467379938135825979565700282214587668889599	-241
33	recip	1152921502459355133	-90	1152921503533113351	-90
34	neg	-1152921506754330625	-30	-1152921505680588799	-30
35	add	-2097153	1	2251799815782399	1
36	sub	-1	-29	1073741825	-29
37	mul	2535301200456454299393774845953	1	2535301200456456551193596919809	1
38	div	3618502788666131106986584302056864607039863538510364303587856756730734051329	-251	3618502788666134320862690778969535213099107107714793765679589854415492743169	-251
39	neg	-1208925819614629174706177	-29	-1208925819614628100964351	-29
40	add	2417851639229256201928703	33	2417851639229257275670529	33
41	sub	-1	33	1073741825	33
42	mul	-268435457	198	268435457	198
43	div	-302231454903657830551555	-78	-302231454903657293672444	-78
44	recip	1208925819614627027214331	-193	1208925819614628100972549	-193
45	neg	-1208925819614631322189825	33	-1208925819614630248447999	33
46	add	-4194303	257	2251799817879553	257
47	sub	-1	227	1073741825	227
48	mul	-5070602400912931116785745264643	512	-5070602400912922109586389860355	512
49	div	57896044618658097711785348832864161786471225899971963706383288234530477965327	-255	57896044618658149133803052463466891483419123007242835099851017797486617034767	-255
50	neg	-1208925819614631322189825	227	-1208925819614630248447999	227
51	add	2147483647	2018	3221225473	2018
52	sub	536870911	2019	1610612737	2019
53	mul	-134217729	4069	134217729	4069
54	div	536870911	-29	1073741825	-29
55	recip	536870909	-2078	1073741831	-2078
56	neg	-2147483649	2018	-1073741823	2018
57	add	-536870913	4068	268435457	4068
58	sub	-1	4066	1073741825	4066
59	mul	268435455	8164	536870913	8164
60	div	57896044573724853266534426179898928781602274543425041315494504535450547737941	-255	77194726203144041394298389663570297047212707566488950063872676807114770175317	-255
61	neg	-4294967297	4066	-3221225471	4066
62	add	6442450943	-4126	7516192769	-4126
63	sub	-1	-4126	1073741825	-4126
64	mul	-301989889	-8217	301989889	-8217
65	div	57896044573724853266534426179898928781602274543425041315494504535450547737941	-255	77194726203144041394298389663570297047212707566488950063872676807114770175317	-255
66	recip	536870911	4065	715827885	4065
67	neg	-4294967297	-4126	-3221225471	-4126
68	add	-1	-2048	2147483647	-2048
69	sub	-1	-2078	1073741825	-2078
70	mul	2305843004918726653	-4097	2305843007066210309	-4097
71	div	-72057594172146689	-56	-72057594037926911	-56
72	neg	-1152921504606846977	-2078	-1152921503533105151	-2078
73	add	2305843007066210303	-287	2305843008139952129	-287
74	sub	-1	-287	1073741825	-287
75	mul	-536870913	-483	536870913	-483
76	div	3533694129556768648439126216851862714523270490210383765590185394768445439	-241	3533694132847777781471484791552467379938135825979565700282214587668889599	-241
77	recip	1152921502459355133	167	1152921503533113351	167
78	neg	-1152921506754330625	-287	-1152921505680588799	-287
79	add	-3	-63	2147483653	-63
80	sub	1152921505143717887	-92	1152921506217459713	-92
81	mul	2305843013508661243	-127	2305843015656144907	-127
82	div	3533694129556768648439126216851862714523270490210383765590185394768445439	-241	3533694132847777781471484791552467379938135825979565700282214587668889599	-241
83	neg	-1152921506754330625	-93	-1152921505680588799	-93
84	add	-539198933343012795893340301740392613472742888450811449622072204984321	-513	115792089776515128766583780902028209593662598138383452490269033629985334624255	-513
85	sub	-862718293348820473429344482784628181556388621521298319395315527974913	3840	231584179337350684195962443446720298491168150887669749600213487411141787254783	3840
86	mul	-405272314487402417354549631103768884448015400220713527941347342515984773677055	-319	202636158322099075363300407338565045704792927055842540872296570502136796807169	-319
87	div	UNSUPPORTED_NONFINITE
88	recip	UNSUPPORTED_NONFINITE
89	neg	-134217729	-2075	939524097	-2075
90	add	-191561942965048200591697621693452543041153831226310639	-64	356811753056075697229479089635936127238012945	-64
91	sub	-217110167643487226425003274427294008269116789331721790644469839788080441065471	3843	323519360005807677536004181044235568083645733070486869773243322990593	3843
92	mul	0	0	0	0
93	recip	UNSUPPORTED_NONFINITE
94	neg	-647038720011615355072008362088471136167291466140973739546486645981185	-320	231584179121671110858757325089384177795011105498572594219888907562312905261055	-320
95	add	36893487597663289351	-64	664082787203299672071	-64
96	sub	-431359146675194874431641248414002690468154251521617259798508987219969	-189	123030862093072382695499353866934879383240677279374344910562864211415533617151	-189
97	mul	-101318079208229444349163823309949799254680817206786273175594287092999716339713	-286	202636157196521302009761195911217165821723346431491761231227669416061068902399	-286
98	neg	-39614081275578912870481526777	-64	55340232221128654855	-64
99	add	-217110167751327013093605833605962068617195312026270058849620578985169247010815	4	431359146674410236714672241392314090778194620245660710424983399038977	4
100	sub	-2892400123898579340379270759367500103679	-64	-20764116831738425265506209161543679	-64
101	mul	-59421122268468192724631158787	62	29710561297948950016487849981	62
102	neg	-431359249518445069290049876077888000612600872181640761796399223275521	1841	231584178905991434677517374156670422413280150275068877418572725614742563979263	1841
103	add	-2147483659	4095	9	4095
104	sub	-86844067251506506573485916292520111934188056582876156100080057779178136666113	-253	108555083983503293215405475981649094656676178707683761857478354780661915582463	-253
105	mul	-553402324410309803807	4031	276701163304666530017	4031
106	neg	-2251799819976705	-64	6291455	-64
107	add	-115792089830435022100885060491362239767701859485657741335350178592192555122687	1822	485279040008711516304006271566353352125468599605730304659864984485889	1822
108	sub	-29014238117495173902499825	-64	10384593746083856481068019141836815	-64
109	mul	-5575186354151782703822156182587595368169471	2048	11150372648592121823026185092508602345717761	2048
110	div	UNSUPPORTED_NONFINITE
111	neg	-217110167643487226425003274427294008269116789331721790644469839788080441065471	1795	323519360005807677536004181044235568083645733070486869773243322990593	1795
112	add	-231584179121671110858757325089384177795011105498572594219888907562312905261055	1792	647038720011615355072008362088471136167291466140973739546486645981185	1792
113	sub	-862718293348820473429344482784628181556388621521298319395315527974913	1791	231584179337350684195962443446720298491168150887669749600213487411141787254783	1791
114	mul	-998244357	2024	499122181	2024
115	div	UNSUPPORTED_NONFINITE
116	recip	UNSUPPORTED_NONFINITE
117	neg	-4194305	256	2251799817879551	256
118	add	-539198881920995379605651484397605658555539607740315648572701475340289	1842	115792089776515180188601197189717026936449553055586733200764834679356064268287	1842
119	sub	-2147483659	256	9	256
120	mul	-231584181601986307080650922993155896368337389910907245620289201751391371001857	5966	463168359860938918902518301064382930243679788977656489265544538063296102662143	5966
121	recip	UNSUPPORTED_NONFINITE
122	neg	-27670116110564327423	-64	19807040674682944582659866625	-64
123	add	-862718293348820473429344482784628181556388621521298319395315527974913	1791	231584179337350684195962443446720298491168150887669749600213487411141787254783	1791
124	sub	-1	2050	536870913	2050
125	mul	0	0	0	0
126	neg	33	-258	2147483647	-258
127	add	-56539106230876710941094358523927378688827440347696785351294413366599090177	-258	157968462611242721593600096868663341309008307510244318837697675263	-258
128	sub	-115792089668675290675963805435671331902797120526631594089610942656200163983359	51	431359198096427653002361058735101045695397591471144960747028493631489	51
129	mul	-202636158753458132049180165549781856747229846728931110389578078328211411828737	53	405272314918761654017490346321896556190206662104013579945364154085225686630399	53
130	div	-3	4096	715827887	4096
131	neg	-323519308583790261248315363701448613166442452359991068723872593346561	-143	115792089560835606851396078832380906240292507666489577820440254830527182274559	-143
132	add	-231584179121669259666130338732586753454680728479254488642040069784966638075903	1841	647040571204242341428805786428801513186609571718822577323832913166337	1841
133	sub	1073740797	19	2147483651	19
134	mul	-347376269868744319642764138599424930521380407887893245921618550512028208857087	3841	173688136012770026507407661086393068741475430889432399862432174500158514397185	3841
135	div	-402653185	-27	402653185	-27
136	neg	-3	2047	2147483649	2047
137	add	-627189300705148010481	-64	2199023255567	-64
138	sub	-231584179121671008014722492514006621162045390521347028173911259732836716904447	-144	647038822855650187647385918721436851144517032186951387375962834337793	-144
139	mul	-217110169577863399793061679694652340762775290165186902961755915307264476446721	3872	434220336695631666208627478125939554835009281360984377366684591713824517652479	3872
140	neg	-323519360005807677536004181044235568083645733070486869773243322990593	5	123029095138167817643351849107735083138334926790888832362410552781651023233023	5
141	add	-8589934575	-63	9223372045444710417	-63
142	sub	-86844067197586613239184636703186081760148795235601867254998912816970949722111	3842	269599466671506397946670150870196306736371444225405724811036102492161	3842
143	mul	-30064771209	-2	10737418359	-2
144	div	UNSUPPORTED_NONFINITE
145	recip	-1321528403	2015	-5	2015
146	neg	-5	4095	2147483655	4095
147	add	-262143	2	281474976972801	2
148	sub	-268435457	2021	1	2021
149	mul	-2147483661	8191	11	8191
150	div	UNSUPPORTED_NONFINITE
151	recip	UNSUPPORTED_NONFINITE
152	neg	-201326593	-25	1140850689	-25
153	add	-115792089776515180188601197189717026936449553055586733200764834679356064268287	51	539198881920995379605651484397605658555539607740315648572701475340289	51
154	sub	-242639520004355758152003135783176676062734299802865152329932492242945	1823	57896044915217511050442530245681119883850929742828870667675089296096277561343	1823
155	mul	-216930011183728146066888399719796060454867	-66	347088016530987108341629187062544038101037	-66
156	div	UNSUPPORTED_NONFINITE
157	recip	302231454903657025236989	-65	302231454903657562116099	-65
158	neg	-137438953455	-64	156797324763970142225	-64
159	add	-46116860185347620863	-64	19807040693129688655295676417	-64
160	sub	-9903520328118100254475157489	0	23058430092136939535	0
161	mul	0	0	0	0
162	div	-3	-2112	715827887	-2112
163	recip	UNSUPPORTED_NONFINITE
164	neg	-115792089614755448763679942134026119071544814096560585955025598743363673128959	1822	269599466671506397946670150870196306736371444225405724811036102492161	1822
165	add	-402653185	2021	1	2021
166	sub	-2147483651	-258	5	-258
167	mul	-30064771249	-3	19327353039	-3
168	div	UNSUPPORTED_NONFINITE
169	neg	-647038720011615355072008362088471136167291466140973739546486645981185	3840	231584179121671110858757325089384177795011105498572594219888907562312905261055	3840
170	add	-539198881920995379605651484397605658555539607740315648572701475340289	-207	115792089776515180188601197189717026936449553055586733200764834679356064268287	-207
171	sub	-431359146674410236714672241392314090778194310760649159697657763987457	3844	123029095246007604311954408286403143486413449485437410052572842706065464229887	3844
172	mul	-434220336695631666208627478125939554835009281360984377366684591713824517652479	-224	217110169577863399793061679694652340762775290165186902961755915307264476446721	-224
173	neg	-115792089560835606851396078832380906240292507666489577820440254830527182274559	1842	323519308583790261248315363701448613166442452359991068723872593346561	1842
174	add	-1073741825	230	1	230
175	sub	-123029095138167817643351849107735083138334926790888832362410552781651023233023	1796	323519360005807677536004181044235568083645733070486869773243322990593	1796
176	mul	-581537250630571718018227094696230913	4093	290768626555039480716417388209242111	4093
177	div	UNSUPPORTED_NONFINITE
178	recip	UNSUPPORTED_NONFINITE
179	neg	-231584178905991434677517374156670422413280150275068877418572725614742563979263	50	431359249518445069290049876077888000612600872181640761796399223275521	50
180	add	-939524097	-27	67108865	-27
181	sub	-269599440960497689802825742198802829277769803870157824286350737670145	1843	57896044888257590094300598594858513468224776527793366600382417339678032134143	1843
182	mul	-463168358890380838885096896732882557117885090470435637257591523653883453767679	-176	231584184297980973795713274183345235063388451530905340670838854951435075846145	-176
183	div	UNSUPPORTED_NONFINITE
184	neg	-274877906945	-1	276701161380521181183	-1
185	add	-570425345	4071	1	4071
186	sub	-431359146674410236714672241392314090778194310760649159697657763987457	3844	123029095246007604311954408286403143486413449485437410052572842706065464229887	3844
187	mul	-623075625500059048121346426971095045	-65	311542884590370995073269998697840635	-65
188	div	UNSUPPORTED_NONFINITE
189	neg	-13836183955189006337	-64	9903520337340346391423090687	-64
190	add	-1140850691	2022	3	2022
191	sub	-2251799822073843	-2	8388621	-2
192	mul	-39611663829766927332761665535	254	79228162975434065337263325185	254
193	recip	UNSUPPORTED_NONFINITE
194	neg	-6291455	-64	2251799819976705	-64
195	add	-7	62	2147483653	62
196	sub	-2147483653	256	7	256
197	mul	0	0	0	0
198	div	UNSUPPORTED_NONFINITE
199	recip	UNSUPPORTED_NONFINITE
200	neg	-323519360005807677536004181044235568083645733070486869773243322990593	1794	202636156488822701997056901301208019787458041248516720139537641787091299860479	1794
201	add	-57896044888257590094300598594858513468224776527793366600382417339678032134143	-462	269599440960497689802825742198802829277769803870157824286350737670145	-462
202	sub	-173688134476053066479821192787450205506694676655707798112186977037940865105919	-225	458319093341560876512262259753995527288238824848622298218073239322625	-225
203	mul	-202636157459380827008745173160948278095103331052006789972682077025020657270783	52	101318079376729066024590082774890928373614923364465555194789039181697891958785	52
204	neg	-156797324901409095673	-64	274877906951	-64
205	add	-3	2049	536870913	2049
206	sub	-539198933343012795893340301740392613472742888450811449622072204984321	3841	115792089776515128766583780902028209593662598138383452490269033629985334624255	3841
207	mul	-1106804653218666119273	-66	2213609297641239216023	-66
208	div	UNSUPPORTED_NONFINITE
209	neg	-805306369	4068	1	4068
210	add	-431359146674410236714672241392314090778194310760649159697657763987455	3	202636156596662488665659460479876080135536563943065297829699931711505740857345	3
211	sub	-754878506680217914250676422436549658861840043831136029470901086978049	3869	231584179013831324190154765910716117446932582804024016529726617637898464264191	3869
212	mul	-115792091016672624033495843059507738312805477906833413663801554796978244681729	5967	231584180146149135632499005683933916385517202315642764539764474808023256137727	5967
213	neg	-1	-285	805306369	-285
214	add	-217110167859166799762208392784630128965273834720818946024794419636909323059199	3843	539198933343012795893340301740392613472742888450811449622072204984321	3843
215	sub	-217110167859166799762208392784630128965273834720818946024794419636909323059199	1795	539198933343012795893340301740392613472742888450811449622072204984321	1795
216	mul	-405272315013121377368694933405700194129767749178654648491114121539809722761215	-288	202636158659098408697975578465978218807668759654290041843828110873627375697921	-288
217	div	UNSUPPORTED_NONFINITE
218	neg	-27670116127744196609	-64	2251816993554431	-64
219	add	-231584179121671110858757325089384177795011105498572594219888907562312905261055	3839	647038720011615355072008362088471136167291466140973739546486645981185	3839
220	sub	-862718293348820473429344482784628181556388621521298319395315527974913	3840	231584179337350684195962443446720298491168150887669749600213487411141787254783	3840
221	mul	-107650459472574413793286978626617384205436256592517799542705281574158911668225	3846	215300917435391814226138128751881923537773195461355511423138504206515649380351	3846
222	div	-115792089668675393519998638011048966588371030361038155510602544754941623271423	1842	431359095252392820426983424049527135860991030050153358648287034343425	1842
223	neg	-115792089614755448763679942134026119071544814096560585955025598743363673128959	-226	269599466671506397946670150870196306736371444225405724811036102492161	-226
224	add	-862718396192855306004722117470202091390795182942289921494056987262977	50	231584179337350581351927610871342663805594241053263188179221885312400327966719	50
225	sub	-115792089399075926848492240064378815718174723624666711285196819943905520779263	-207	-220694123468717154775431874319685483649310867523627622131363524229726207	-207
226	mul	-301300885169282772447673627614684573834702783329720317509617	124	150650443520002434115614681457700579878351338990877477437455	124
227	neg	-156797324901409095679	-64	-2251524935778303	-64
228	add	-231584179337350684195962443446720298491168150887669749600213487411141787254783	1792	862718293348820473429344482784628181556388621521298319395315527974913	1792
229	sub	-402653185	4069	1	4069
230	mul	0	0	0	0
231	recip	UNSUPPORTED_NONFINITE
232	neg	-27670116127744196609	-63	17179869183	-63
233	add	-6291453	4095	2251799819976707	4095
234	sub	-269599466671506397946670150870196306736371444225405724811036102492161	1797	61514547676923695490278483732535601917245986089992993871367566315239952613375	1797
235	mul	-18446744142429028353	-63	68719476735	-63
236	recip	UNSUPPORTED_NONFINITE
237	neg	-431359249518445069290049876077888000612600872181640761796399223275521	-208	231584178905991434677517374156670422413280150275068877418572725614742563979263	-208
238	add	-123029095138167817643351849107735083138334926790888832362410552781651023233023	3844	323519360005807677536004181044235568083645733070486869773243322990593	3844
239	sub	-536870921	2049	1	2049
240	mul	-1006632965	8166	503316485	8166
241	div	UNSUPPORTED_NONFINITE
242	neg	-27670116110564327409	-1	19807040674682944582659866639	-1
243	add	-115792089668675342097981221723360149245584075443834874800106743142620940206079	-257	431359146674410236714672241392314090778194310760649160260607717408769	-257
244	sub	-28948022740688195530302982966844218355631586944604451770513555699636046397441	1795	217110167751327013093605833605962068617195312026270368334632129712494882062335	1795
245	mul	-231584180307908712791367963986072720163034252824714471206854319510305890107391	1614	115792090854913046874626884757368934535288427397761706996711710094695610712065	1614
246	div	UNSUPPORTED_NONFINITE
247	neg	-2097153	-2	2251799815782399	-2
248	add	-485279040008711516304006271566353352125468599605730304659864984485889	1822	115792089830435022100885060491362239767701859485657741335350178592192555122687	1822
249	sub	-161759680002903838768002090522117784041822866535243434886621653106689	6	61514547569083908821675924553867541569167463395444416181205276390825520005119	6
250	mul	-72692156793200079078868790777217031	1983	145384312812687730426137398673932281	1983
251	div	UNSUPPORTED_NONFINITE
252	neg	-805306369	4068	1	4068
253	add	-1073741825	-63	-1073741825	-63
254	sub	-503316481	232	1	232
255	mul	-536870919	3809	1073741831	3809
256	neg	-2251799817879551	4095	4194305	4095
257	add	-268435457	2020	1	2020
258	sub	-3	-29	1879048195	-29
259	mul	-115792091178432355458417050224758666044849983883708827613401186491737315475457	-219	231584180415748550881988035233355230045786787116961661350814002810921949331455	-219
260	div	UNSUPPORTED_NONFINITE
261	neg	-536870913	2020	1	2020
262	add	3	-4096	3	-4096
263	sub	-431359146652440380640818858718888827796967478304290915642033643192323	-255	115792089668675342119951077797213531919009338425061707256464987761195014422525	-255
264	mul	0	0	0	0
265	div	-1	63	429496731	63
266	neg	-536870913	-285	1	-285
267	add	-1	4071	503316481	4071
268	sub	-539198933343012795893340301740392613472742888450811449622072204984321	3841	115792089776515128766583780902028209593662598138383452490269033629985334624255	3841
269	mul	-130266101686058159874748068278790620511871005083428566826337261101875562807297	1537	260532202078038879726265426413564516846799737832274201370727043110777833652223	1537
270	div	UNSUPPORTED_NONFINITE
271	neg	-570425345	-25	1	-25
272	add	-8034690221294951377709810461705813012611014968913964176506881	-228	3235193608092766996654993188152166142542270343315883666646397406412799	-228
273	sub	-231584179553029640468958566351790611073881737270327536454588454667521913520127	50	1078398483750234587238946411594228685951925145427572511836593165697025	50
274	mul	-267386881	-20	135659521	-20
275	neg	-2251799819976705	-2	6291455	-2
276	add	-61514547676923695490278483732535601917245986089992993871367566315239952613375	1797	269599466671506397946670150870196306736371444225405724811036102492161	1797
277	sub	-431358323922131576111651163907722812102941819392716342907726089682945	51	115792089668676164850259882326381226730175354119087366168039560495502567931903	51
278	mul	-1552845510719055803824482561557354543226160152577	4032	3105691001829340213829886166037747333193455894527	4032
279	div	-1	82	390451574	82
280	recip	-1073741829	4067	1	4067
281	neg	-269599466671506397946670150870196306736371444225405724811036102492161	1822	115792089614755448763679942134026119071544814096560585955025598743363673128959	1822
282	add	-536870913	4069	1	4069
283	sub	-51538558975	28	36893488164600020993	28
284	mul	-231584180415748499459970618945712084629166422915952245791340585605915467579391	1905	115792091178432406880434466512401811461470348084718243172874603696743797227521	1905
285	div	UNSUPPORTED_NONFINITE
286	neg	-202636156488822701997056901301208019787458041248516720139537641787091299860479	-191	323519360005807677536004181044235568083645733070486869773243322990593	-191
287	add	-52656170942685534895682069184992908990113212109696333483293540353	-258	56539106125564419272537171826009351005157008028801689950744176212381270015	-258
288	sub	-8598323197	-2	9007199263129603	-2
289	mul	-85070592284831753447247270920786542609	1983	42535296419714445551218933175741841391	1983
290	neg	-431359249518445069290049876077888000612600872181640761796399223275521	-144	231584178905991434677517374156670422413280150275068877418572725614742563979263	-144
291	add	-3882232320069692130432050172530826817003748796845842437278919875887105	1821	231584179337350684195962443446720298491168150887669749600213487411141787254783	1821
292	sub	-19807040730023176803788521473	-1	46116860184273879039	-1
293	mul	-73786976843520278527	-2	36893488698248658945	-2
294	neg	-1048577	2049	562949954469887	2049
295	add	-150650442023424757488770093217127311161824983699054485569537	62	374144419156711147060143317175368453031919804743679	62
296	sub	-970558080017423032608012543132706704250937199211460609319729968971779	30	231584179229510897527359884268052238143089628193121171910051197486727346257917	30
297	mul	0	0	0	0
298	neg	-323519360005807677536004181044235568083645733070486869773243322990593	-253	123029095138167817643351849107735083138334926790888832362410552781651023233023	-253
299	add	-3	-26	1174405123	-26
300	sub	-220855883097298041197912187592864814478435487109452369765200775161577473	-208	-617064208995452265808113443459006439368525949612592448755728385	-208
301	mul	-173688138439165226550965242606424426573242191516775397891083697799483436826625	-484	347376270030503999645667977367427021043498191929716112456861985398649870352383	-484
302	div	-754878506680217914250676422436549658861840043831136029470901086978049	3932	231584179013831324190154765910716117446932582804024016529726617637898464264191	3932
303	neg	-2251799817879551	256	4194305	256
304	add	-110680464717135216643	-2	110680464717135216637	-2
305	sub	-115792089668675393519998638011049250922872311626483210091010521021550824521727	-143	431359095252392820426983139715025854595545975469745382381677833093121	-143
306	mul	-1439816502981010695544486618321151963362985718616773602266054655	3888	2879632990637065982430084653058833655222879601046155982696087553	3888
307	div	UNSUPPORTED_NONFINITE
308	neg	-323519360005807677536004181044235568083645733070486869773243322990593	3842	202636156488822701997056901301208019787458041248516720139537641787091299860479	3842
309	add	-115792089776515180188601197189717026936449553055586733200764834679356064268287	1842	539198881920995379605651484397605658555539607740315648572701475340289	1842
310	sub	-862718293348820473429344482784628181556388621521298319395315527974913	-193	231584179337350684195962443446720298491168150887669749600213487411141787254783	-193
311	mul	-94985699065204234907218547069283782195513715852421896709915868776806767132673	1799	189971397267690176465616620709223081606399250148455171898533418158298006290431	1799
312	recip	UNSUPPORTED_NONFINITE
313	neg	-1006632961	-26	1	-26
314	add	-231584179553030257533167561804056419187325196276766904980538067259970669248511	3840	1078397866686025591786680603480785226945485776901622899244144409968641	3840
315	sub	-217110167751327013093605833605962068617195312026270368334627229796100302962687	4	431359146674410236714672241392314090778194310760654059614052343087105	4
316	mul	-115792089938274808769487619670030300115780382180206319025512468516606996119551	1823	593118826677314075482674331914431874820017177295892594584279425482753	1823
317	div	UNSUPPORTED_NONFINITE
318	recip	UNSUPPORTED_NONFINITE
319	neg	-2252074691592193	-64	156797324901409095679	-64
320	add	-3	-2049	2147483649	-2049
321	sub	-173688134395173226478369273406372163520297590471203734509997825633941899444223	3841	539198933343012795893340301740392613472742888450811449622072204984321	3841
322	mul	-1996488711	6120	117440519	6120
323	div	UNSUPPORTED_NONFINITE
324	recip	UNSUPPORTED_NONFINITE
325	neg	-115792089560835606851396078832380906240292507666489577820440254830527182274559	-463	323519308583790261248315363701448613166442452359991068723872593346561	-463
326	add	-157968462611242721593600096868663341309008307510245444737604517903	62	56539106230876710941094358523927378688827440347696785351293287466692247537	62
327	sub	-115792089776515951518862441505049287078253876813635943858201850419917008928767	3890	539198110590734135290319224255801334797490397082878632832140530679809	3890
328	mul	-115792091124512513546133234813553433346457910435788552774955446820134144966657	1872	231584180469668392794271850644560462744178860564881936189259742482525119840255	1872
329	div	UNSUPPORTED_NONFINITE
330	recip	UNSUPPORTED_NONFINITE
331	neg	-323519360005807677536004181044235568083645733070486869773243322990593	-253	202636156488822701997056901301208019787458041248516720139537641787091299860479	-253
