2	add	0	-1	-4095	-1	-4095
2	add	1	-1	-4096	-1	-4096
2	add	2	0	0	0	0
2	add	3	1	-4096	1	-4096
3	sub	0	0	0	0	0
3	sub	1	0	0	0	0
3	sub	2	1	-4096	1	-4096
3	sub	3	1	-4096	1	-4096
4	mul	0	1	-8192	1	-8192
4	mul	1	1	-8192	1	-8192
4	mul	2	1	-8191	1	-8191
4	mul	3	1	-8191	1	-8191
5	div	0	1	0	1	0
5	div	1	1	0	1	0
5	div	2	1	1	1	1
5	div	3	1	1	1	1
6	neg	0	-1	-4096	-1	-4096
6	neg	1	-1	-4095	-1	-4095
7	add	0	1	-2047	1	-2047
7	add	1	1	-2047	1	-2047
7	add	2	3	-2048	3	-2048
7	add	3	3	-2048	3	-2048
8	sub	0	0	0	0	0
8	sub	1	0	0	0	0
8	sub	2	1	-2048	1	-2048
8	sub	3	1	-2048	1	-2048
9	mul	0	-1	-4096	-1	-4096
9	mul	1	-1	-4096	-1	-4096
9	mul	2	1	-4096	1	-4096
9	mul	3	1	-4096	1	-4096
10	div	0	1	0	1	0
10	div	1	1	0	1	0
10	div	2	77194726158210796949047323339125271902179989777093709359638389338608753093289	-255	77194726158210796949047323339125271902179989777093709359638389338608753093291	-255
10	div	3	77194726158210796949047323339125271902179989777093709359638389338608753093289	-255	77194726158210796949047323339125271902179989777093709359638389338608753093291	-255
11	recip	0	77194726158210796949047323339125271902179989777093709359638389338608753093289	1791	77194726158210796949047323339125271902179989777093709359638389338608753093291	1791
11	recip	1	1	2046	1	2046
12	neg	0	-3	-2048	-3	-2048
12	neg	1	-1	-2046	-1	-2046
13	add	0	0	0	0	0
13	add	1	0	0	0	0
13	add	2	3	-256	3	-256
13	add	3	3	-256	3	-256
14	sub	0	0	0	0	0
14	sub	1	0	0	0	0
14	sub	2	1	-257	1	-257
14	sub	3	1	-257	1	-257
15	mul	0	9	-514	9	-514
15	mul	1	9	-514	9	-514
15	mul	2	3	-512	3	-512
15	mul	3	3	-512	3	-512
16	div	0	-1	0	-1	0
16	div	1	-3	-1	-3	-1
16	div	2	-77194726158210796949047323339125271902179989777093709359638389338608753093291	-255	-77194726158210796949047323339125271902179989777093709359638389338608753093289	-255
16	div	3	-1	1	-1	1
17	neg	0	-3	-257	-3	-257
17	neg	1	-1	-255	-1	-255
18	add	0	1073741823	-62	1073741823	-62
18	add	1	1073741823	-62	1073741823	-62
18	add	2	2147483647	-63	2147483647	-63
18	add	3	2147483647	-63	2147483647	-63
19	sub	0	0	0	0	0
19	sub	1	0	0	0	0
19	sub	2	1	-63	1	-63
19	sub	3	1	-63	1	-63
20	mul	0	1152921502459363329	-126	1152921502459363329	-126
20	mul	1	576460750692810753	-125	576460750692810753	-125
20	mul	2	-1152921502459363329	-126	-1152921502459363329	-126
20	mul	3	-576460750692810753	-125	-576460750692810753	-125
21	div	0	1	0	1	0
21	div	1	1	0	1	0
21	div	2	57896044672577991096303586023539482649505605454718759408944059648168270266367	-255	57896044672577991096303586023539482649505605454718759408944059648168270266369	-255
21	div	3	57896044672577991096303586023539482649505605454718759408944059648168270266367	-255	57896044672577991096303586023539482649505605454718759408944059648168270266369	-255
22	recip	0	57896044672577991096303586023539482649505605454718759408944059648168270266367	-222	57896044672577991096303586023539482649505605454718759408944059648168270266369	-222
22	recip	1	1	33	1	33
23	neg	0	-1073741823	-63	-1073741823	-63
23	neg	1	-1	-33	-1	-33
24	add	0	0	0	0	0
24	add	1	0	0	0	0
24	add	2	1073741823	0	1073741823	0
24	add	3	1073741823	0	1073741823	0
25	sub	0	1073741823	0	1073741823	0
25	sub	1	2147483645	-1	2147483645	-1
25	sub	2	2147483647	-1	2147483647	-1
25	sub	3	1073741823	0	1073741823	0
26	mul	0	1152921502459363329	-2	1152921502459363329	-2
26	mul	1	1152921502459363329	-2	1152921502459363329	-2
26	mul	2	1073741823	28	1073741823	28
26	mul	3	1073741823	28	1073741823	28
27	div	0	1	0	1	0
27	div	1	1	0	1	0
27	div	2	57896044672577990995869958257352590341020688751635850029124609308296732442623	-255	57896044672577990995869958257352590341020688751635850029124609308296732442625	-255
27	div	3	57896044672577990995869958257352590341020688751635850029124609308296732442623	-255	57896044672577990995869958257352590341020688751635850029124609308296732442625	-255
28	neg	0	-1073741825	-1	-1073741825	-1
28	neg	1	-536870913	0	-536870913	0
29	add	0	0	0	0	0
29	add	1	1	0	1	0
29	add	2	1	0	1	0
29	add	3	1	1	1	1
30	sub	0	0	0	0	0
30	sub	1	0	0	0	0
30	sub	2	1	0	1	0
30	sub	3	1	0	1	0
31	mul	0	-1152921506754330625	0	-1152921506754330625	0
31	mul	1	-1152921506754330625	0	-1152921506754330625	0
31	mul	2	1152921506754330625	0	1152921506754330625	0
31	mul	3	1152921506754330625	0	1152921506754330625	0
32	div	0	1	0	1	0
32	div	1	1	0	1	0
32	div	2	57896044672577990995869958257352590341020688751635850029124609308296732442623	-255	57896044672577990995869958257352590341020688751635850029124609308296732442625	-255
32	div	3	57896044672577990995869958257352590341020688751635850029124609308296732442623	-255	57896044672577990995869958257352590341020688751635850029124609308296732442625	-255
33	recip	0	57896044564738204427701026751335317512249295914004714010332974699616397197311	-285	57896044564738204427701026751335317512249295914004714010332974699616397197312	-285
33	recip	1	57896044510818311244050188483905259561488870276781473426609346883768442421247	-285	57896044510818311244050188483905259561488870276781473426609346883768442421248	-285
34	neg	0	-1073741825	0	-1073741825	0
34	neg	1	-536870913	1	-536870913	1
35	add	0	0	0	0	0
35	add	1	0	0	0	0
35	add	2	1125899906842623	2	1125899906842623	2
35	add	3	1125899906842623	2	1125899906842623	2
36	sub	0	0	0	0	0
36	sub	1	0	0	0	0
36	sub	2	1	1	1	1
36	sub	3	1	1	1	1
37	mul	0	1267650600228227149696889520129	2	1267650600228227149696889520129	2
37	mul	1	1267650600228227149696889520129	2	1267650600228227149696889520129	2
37	mul	2	1125899906842623	52	1125899906842623	52
37	mul	3	1125899906842623	52	1125899906842623	52
38	div	0	1	0	1	0
38	div	1	1	0	1	0
38	div	2	57896044618658149133802908792078443195588538006782247088550353774383063891999	-255	57896044618658149133802908792078443195588538006782247088550353774383063892001	-255
38	div	3	57896044618658149133802908792078443195588538006782247088550353774383063891999	-255	57896044618658149133802908792078443195588538006782247088550353774383063892001	-255
39	neg	0	-1125899906842623	1	-1125899906842623	1
39	neg	1	-1	51	-1	51
40	add	0	1125899906842623	64	1125899906842623	64
40	add	1	1125899906842623	64	1125899906842623	64
40	add	2	2251799813685247	63	2251799813685247	63
40	add	3	2251799813685247	63	2251799813685247	63
41	sub	0	0	0	0	0
41	sub	1	0	0	0	0
41	sub	2	1	63	1	63
41	sub	3	1	63	1	63
42	mul	0	-1267650600228227149696889520129	126	-1267650600228227149696889520129	126
42	mul	1	-1267650600228227149696889520129	126	-1267650600228227149696889520129	126
42	mul	2	1267650600228227149696889520129	126	1267650600228227149696889520129	126
42	mul	3	1267650600228227149696889520129	126	1267650600228227149696889520129	126
43	div	0	-1	0	-1	0
43	div	1	-1125899906842625	-50	-1125899906842625	-50
43	div	2	-28948022309329074566901454395993549671627678287197258393252757014030265090064	-254	-28948022309329074566901454395993549671627678287197258393252757014030265090063	-254
43	div	3	-562949953421313	-49	-562949953421313	-49
44	recip	0	115792089237316092579536152433401617020029256182492094505904139959705198919615	-369	115792089237316092579536152433401617020029256182492094505904139959705198919617	-369
44	recip	1	115792089237315989735501319858298013891454890077341255088801149920536759891967	-369	115792089237315989735501319858298013891454890077341255088801149920536759891969	-369
45	neg	0	-1125899906842625	63	-1125899906842625	63
45	neg	1	-562949953421313	64	-562949953421313	64
46	add	0	0	0	0	0
46	add	1	0	0	0	0
46	add	2	1125899906842625	258	1125899906842625	258
46	add	3	1125899906842625	258	1125899906842625	258
47	sub	0	0	0	0	0
47	sub	1	0	0	0	0
47	sub	2	1	257	1	257
47	sub	3	1	257	1	257
48	mul	0	-1267650600228231653296516890625	514	-1267650600228231653296516890625	514
48	mul	1	-1125899906842625	564	-1125899906842625	564
48	mul	2	-633825300114116389598211866625	515	-633825300114116389598211866625	515
48	mul	3	-562949953421313	565	-562949953421313	565
49	div	0	1	0	1	0
49	div	1	1	0	1	0
49	div	2	28948022309329074566901454395993549671627678287197258393252757014030265090063	-254	28948022309329074566901454395993549671627678287197258393252757014030265090064	-254
49	div	3	28948022309329074566901454395993549671627678287197258393252757014030265090063	-254	28948022309329074566901454395993549671627678287197258393252757014030265090064	-254
50	neg	0	-1125899906842625	257	-1125899906842625	257
50	neg	1	-562949953421313	258	-562949953421313	258
51	add	0	1	2049	1	2049
51	add	1	1	2049	1	2049
51	add	2	3	2048	3	2048
51	add	3	3	2048	3	2048
52	sub	0	1	2049	1	2049
52	sub	1	1	2048	1	2048
52	sub	2	3	2048	3	2048
52	sub	3	1	2049	1	2049
53	mul	0	-1	4096	-1	4096
53	mul	1	-1	4096	-1	4096
53	mul	2	1	4096	1	4096
53	mul	3	1	4096	1	4096
54	div	0	1	0	1	0
54	div	1	1	0	1	0
54	div	2	1	1	1	1
54	div	3	1	1	1	1
55	recip	0	1	-2048	1	-2048
55	recip	1	1	-2049	1	-2049
56	neg	0	-1	2048	-1	2048
56	neg	1	-1	2049	-1	2049
57	add	0	-1	4097	-1	4097
57	add	1	-1	4096	-1	4096
57	add	2	0	0	0	0
57	add	3	1	4096	1	4096
58	sub	0	0	0	0	0
58	sub	1	0	0	0	0
58	sub	2	1	4096	1	4096
58	sub	3	1	4096	1	4096
59	mul	0	1	8192	1	8192
59	mul	1	1	8192	1	8192
59	mul	2	1	8193	1	8193
59	mul	3	1	8193	1	8193
60	div	0	1	0	1	0
60	div	1	1	0	1	0
60	div	2	77194726158210796949047323339125271902179989777093709359638389338608753093289	-255	77194726158210796949047323339125271902179989777093709359638389338608753093291	-255
60	div	3	77194726158210796949047323339125271902179989777093709359638389338608753093289	-255	77194726158210796949047323339125271902179989777093709359638389338608753093291	-255
61	neg	0	-3	4096	-3	4096
61	neg	1	-1	4098	-1	4098
62	add	0	3	-4095	3	-4095
62	add	1	3	-4095	3	-4095
62	add	2	7	-4096	7	-4096
62	add	3	7	-4096	7	-4096
63	sub	0	0	0	0	0
63	sub	1	0	0	0	0
63	sub	2	1	-4096	1	-4096
63	sub	3	1	-4096	1	-4096
64	mul	0	-9	-8192	-9	-8192
64	mul	1	-9	-8192	-9	-8192
64	mul	2	9	-8192	9	-8192
64	mul	3	9	-8192	9	-8192
65	div	0	1	0	1	0
65	div	1	1	0	1	0
65	div	2	77194726158210796949047323339125271902179989777093709359638389338608753093289	-255	77194726158210796949047323339125271902179989777093709359638389338608753093291	-255
65	div	3	77194726158210796949047323339125271902179989777093709359638389338608753093289	-255	77194726158210796949047323339125271902179989777093709359638389338608753093291	-255
66	recip	0	77194726158210796949047323339125271902179989777093709359638389338608753093289	3839	77194726158210796949047323339125271902179989777093709359638389338608753093291	3839
66	recip	1	1	4094	1	4094
67	neg	0	-3	-4096	-3	-4096
67	neg	1	-1	-4094	-1	-4094
68	add	0	0	0	0	0
68	add	1	0	0	0	0
68	add	2	1073741823	-2047	1073741823	-2047
68	add	3	1073741823	-2047	1073741823	-2047
69	sub	0	0	0	0	0
69	sub	1	0	0	0	0
69	sub	2	1	-2048	1	-2048
69	sub	3	1	-2048	1	-2048
70	mul	0	1152921502459363329	-4096	1152921502459363329	-4096
70	mul	1	1152921502459363329	-4096	1152921502459363329	-4096
70	mul	2	1073741823	-4066	1073741823	-4066
70	mul	3	1073741823	-4066	1073741823	-4066
71	div	0	-1	0	-1	0
71	div	1	-57896044672577991146520400046937086248851602357566987222406724036419385294849	-255	-57896044672577991146520400046937086248851602357566987222406724036419385294847	-255
71	div	2	-57896044672577991096303586023539482649505605454718759408944059648168270266369	-255	-57896044672577991096303586023539482649505605454718759408944059648168270266367	-255
71	div	3	-57896044726497884581255307589530218571068212382313692425084656068882205769729	-255	-57896044726497884581255307589530218571068212382313692425084656068882205769727	-255
72	neg	0	-1073741823	-2048	-1073741823	-2048
72	neg	1	-1	-2018	-1	-2018
73	add	0	1073741823	-256	1073741823	-256
73	add	1	1073741823	-256	1073741823	-256
73	add	2	2147483647	-257	2147483647	-257
73	add	3	2147483647	-257	2147483647	-257
74	sub	0	0	0	0	0
74	sub	1	0	0	0	0
74	sub	2	1	-257	1	-257
74	sub	3	1	-257	1	-257
75	mul	0	1152921502459363329	-514	1152921502459363329	-514
75	mul	1	576460750692810753	-513	576460750692810753	-513
75	mul	2	-1152921502459363329	-514	-1152921502459363329	-514
75	mul	3	-576460750692810753	-513	-576460750692810753	-513
76	div	0	1	0	1	0
76	div	1	1	0	1	0
76	div	2	57896044672577990995869958257352590341020688751635850029124609308296732442623	-255	57896044672577990995869958257352590341020688751635850029124609308296732442625	-255
76	div	3	57896044672577990995869958257352590341020688751635850029124609308296732442623	-255	57896044672577990995869958257352590341020688751635850029124609308296732442625	-255
77	recip	0	57896044564738204427701026751335317512249295914004714010332974699616397197311	-28	57896044564738204427701026751335317512249295914004714010332974699616397197312	-28
77	recip	1	57896044510818311244050188483905259561488870276781473426609346883768442421247	-28	57896044510818311244050188483905259561488870276781473426609346883768442421248	-28
78	neg	0	-1073741825	-257	-1073741825	-257
78	neg	1	-536870913	-256	-536870913	-256
79	add	0	0	0	0	0
79	add	1	0	0	0	0
79	add	2	1073741825	-62	1073741825	-62
79	add	3	1073741825	-62	1073741825	-62
80	sub	0	1073741825	-62	1073741825	-62
80	sub	1	2147483649	-63	2147483649	-63
80	sub	2	2147483651	-63	2147483651	-63
80	sub	3	1073741825	-62	1073741825	-62
81	mul	0	1152921506754330625	-126	1152921506754330625	-126
81	mul	1	1152921506754330625	-126	1152921506754330625	-126
81	mul	2	576460753914036225	-125	576460753914036225	-125
81	mul	3	576460753914036225	-125	576460753914036225	-125
82	div	0	1	0	1	0
82	div	1	1	0	1	0
82	div	2	57896044672577990995869958257352590341020688751635850029124609308296732442623	-255	57896044672577990995869958257352590341020688751635850029124609308296732442625	-255
82	div	3	57896044672577990995869958257352590341020688751635850029124609308296732442623	-255	57896044672577990995869958257352590341020688751635850029124609308296732442625	-255
83	neg	0	-1073741825	-63	-1073741825	-63
83	neg	1	-536870913	-62	-536870913	-62
84	add	0	-11	-2047	-11	-2047
84	add	1	57896044618658097711785492504343953926634992332820282019728792003956564819967	-512	57896044618658097711785492504343953926634992332820282019728792003956564819968	-512
84	add	2	-17	-2048	-17	-2048
84	add	3	57896044618658097711785492504343953926634992332820282019728792003956564819967	-512	57896044618658097711785492504343953926634992332820282019728792003956564819968	-512
85	sub	0	57896044618658097711785492504343953926634992332820282019728792003956564819967	3842	57896044618658097711785492504343953926634992332820282019728792003956564819968	3842
85	sub	1	28948022336288995523043386046838992050337126840047285432404968483081892659199	1824	28948022336288995523043386046838992050337126840047285432404968483081892659200	1824
85	sub	2	57896044618658097711785492504343953926634992332820282019728792003956564819967	3842	57896044618658097711785492504343953926634992332820282019728792003956564819969	3842
85	sub	3	57896044672577991046086772093677984100674253680094570864809936966163785318399	1823	57896044672577991046086772093677984100674253680094570864809936966163785318401	1823
86	mul	0	17	-2049	17	-2049
86	mul	1	119	-6144	119	-6144
86	mul	2	-7	-64	-7	-64
86	mul	3	-49	-4159	-49	-4159
87	div	0	61514547407324174182878580980244609041890542346948925206261574353593386926045	-301	61514547407324174182878580980244609041890542346948925206261574353593386926047	-301
87	div	1	1	4159	1	4159
87	div	2	1	-4159	1	-4159
87	div	3	54490394935207669772990972980736725900632420941198647275505499344308041848470	-209	54490394935207669772990972980736725900632420941198647275505499344308041848471	-209
88	recip	0	-1	-258	-1	-258
88	recip	1	-57896044618658149133802908792078443195588538006782247088550353774383063892001	-48	-57896044618658149133802908792078443195588538006782247088550353774383063891999	-48
89	neg	0	7	-2048	7	-2048
89	neg	1	-1	-2048	-1	-2048
90	add	0	-562949953421313	64	-562949953421313	64
90	add	1	-95780971304117968576804958962278458132519337194422255	-63	-95780971304117968576804958962278458132519337194422255	-63
90	add	2	-13833932155375321087	1	-13833932155375321087	1
90	add	3	20769187434139328960866059026432017	-63	20769187434139328960866059026432017	-63
91	sub	0	-1125899906842625	-2048	-1125899906842625	-2048
91	sub	1	-108555083659983933209597798445644913612440610624038028786991485007418559037441	3844	-108555083659983933209597798445644913612440610624038028786991485007418559037439	3844
91	sub	2	1073741823	-1	1073741823	-1
91	sub	3	-54277541829991966604798899222822456806220305312019014393495742503709279518720	3845	-54277541829991966604798899222822456806220305312019014393495742503709279518719	3845
92	mul	0	0	0	0	0
92	mul	1	0	0	0	0
92	mul	2	0	0	0	0
92	mul	3	0	0	0	0
93	recip	0	-1	-4097	-1	-4097
93	recip	1	-115792089237316092579536152433401617020029256182492094505904139959705198919617	3790	-115792089237316092579536152433401617020029256182492094505904139959705198919615	3790
94	neg	0	1	-63	1	-63
94	neg	1	-1125899906842625	-4096	-1125899906842625	-4096
95	add	0	18446744073709551623	-63	18446744073709551623	-63
95	add	1	18446744073709551623	-63	18446744073709551623	-63
95	add	2	9	2	9	2
95	add	3	9	2	9	2
96	sub	0	20769187434139292067377910533586943	-63	20769187434139292067377910533586943	-63
96	sub	1	-57896044672577991046086772093677984100674253680094570864809936966163785318401	-288	-57896044672577991046086772093677984100674253680094570864809936966163785318399	-288
96	sub	2	78399788213172436991	1	78399788213172436991	1
96	sub	3	30757273703662114409386042892932725523524839676810774822980920752101925060607	-187	30757273703662114409386042892932725523524839676810774822980920752101925060608	-187
97	mul	0	1125899906842625	-8191	1125899906842625	-8191
97	mul	1	-7881299347898375	-4095	-7881299347898375	-4095
97	mul	2	-1073741823	-4158	-1073741823	-4158
97	mul	3	7516192761	-62	7516192761	-62
98	neg	0	7	-63	7	-63
98	neg	1	-1073741823	1	-1073741823	1
99	add	0	-376626104123200845830147365392459984966141326667842070773753	63	-376626104123200845830147365392459984966141326667842070773753	63
99	add	1	64563604257983430657	0	64563604257983430657	0
99	add	2	-376626104123200845830147365392459984966141326667840997031937	63	-376626104123200845830147365392459984966141326667840997031937	63
99	add	3	9903520305059670162338217985	0	9903520305059670162338217985	0
100	sub	0	-20769187434139328959740159119589375	-63	-20769187434139328959740159119589375	-63
100	sub	1	-1446200059413988469719340955685108056063	-63	-1446200059413988469719340955685108056063	-63
100	sub	2	-1125899906842627	0	-1125899906842627	0
100	sub	3	-156796198726624346113	0	-156796198726624346113	0
101	mul	0	-1208925820740528007806975	-1985	-1208925820740528007806975	-1985
101	mul	1	-3221225475	126	-3221225475	126
101	mul	2	-1125899906842623	-2047	-1125899906842623	-2047
101	mul	3	-3	64	-3	64
102	neg	0	1125899906842623	2048	1125899906842623	2048
102	neg	1	-15	-4096	-15	-4096
103	add	0	-57896044672577991046086772093677984100674253680094570864809936966163785318401	3871	-57896044672577991046086772093677984100674253680094570864809936966163785318399	3871
103	add	1	-1073741825	4096	-1073741825	4096
103	add	2	-101318078082651670995624611882601919371611236582435493534525386006923988434945	-2301	-101318078082651670995624611882601919371611236582435493534525386006923988434943	-2301
103	add	3	-7	-2048	-7	-2048
104	sub	0	-115792089237316195423570985008687907853269984665640564039457584007912592769025	-256	-115792089237316195423570985008687907853269984665640564039457584007912592769023	-256
104	sub	1	-86844066927987146567678238756515930889952488499230423029593188005934780121089	-253	-86844066927987146567678238756515930889952488499230423029593188005934780121087	-253
104	sub	2	15	-1	15	-1
104	sub	3	5	-1	5	-1
105	mul	0	0	0	0	0
105	mul	1	0	0	0	0
105	mul	2	-15	4096	-15	4096
105	mul	3	225	4033	225	4033
106	neg	0	-1125899906842623	-4096	-1125899906842623	-4096
106	neg	1	-1125899906842625	-63	-1125899906842625	-63
107	add	0	-57896044672577991046086772093677984100674253680094570864809936966163785318401	1823	-57896044672577991046086772093677984100674253680094570864809936966163785318399	1823
107	add	1	-28948022336288995523043386046838992050337126840047285432404968483081892659200	1824	-28948022336288995523043386046838992050337126840047285432404968483081892659199	1824
107	add	2	-57896044618658097711785492504343953926634992332820282019728792003956564819969	-2303	-57896044618658097711785492504343953926634992332820282019728792003956564819967	-2303
107	add	3	57896044618658097711785492504343953926634992332820282019728792003956564819967	-255	57896044618658097711785492504343953926634992332820282019728792003956564819968	-255
108	sub	0	376626104123200845830147365392459984966141326667843144515583	-257	376626104123200845830147365392459984966141326667843144515583	-257
108	sub	1	-13835058055282163697	-63	-13835058055282163697	-63
108	sub	2	115792089237316092579536152433310273167696074831234002618465981909171670351871	-207	115792089237316092579536152433310273167696074831234002618465981909171670351873	-207
108	sub	3	281474976710655	1	281474976710655	1
109	mul	0	3221225475	2048	3221225475	2048
109	mul	1	-1208925820740528007806975	2048	-1208925820740528007806975	2048
109	mul	2	-3221225469	2111	-3221225469	2111
109	mul	3	1208925818488728194121729	2111	1208925818488728194121729	2111
110	div	0	-66166908135609195759734944247605870381540614189276572924837703948098097343927	3888	-66166908135609195759734944247605870381540614189276572924837703948098097343925	3888
110	div	1	-1125899906842623	4033	-1125899906842623	4033
110	div	2	66166908197231989766956310964203410400770575634393795274068499389901468935313	-228	66166908197231989766956310964203410400770575634393795274068499389901468935315	-228
110	div	3	1073741825	-63	1073741825	-63
111	neg	0	1125899906842623	-63	1125899906842623	-63
111	neg	1	-15	2048	-15	2048
112	add	0	-1	2049	-1	2049
112	add	1	1073741823	0	1073741823	0
112	add	2	-1	2049	-1	2049
112	add	3	1073741823	0	1073741823	0
113	sub	0	57896044618658097711785492504343953926634992332820282019728792003956564819967	1793	57896044618658097711785492504343953926634992332820282019728792003956564819968	1793
113	sub	1	9222246136947933183	1	9222246136947933183	1
113	sub	2	57896044618658097711785492504343953926634992332820282019728792003956564819967	1793	57896044618658097711785492504343953926634992332820282019728792003956564819969	1793
113	sub	3	170141183460469231731687303715884105731	-63	170141183460469231731687303715884105731	-63
114	mul	0	-7881299347898375	-2048	-7881299347898375	-2048
114	mul	1	-16888498602639375	-4095	-16888498602639375	-4095
114	mul	2	-119	2047	-119	2047
114	mul	3	-255	0	-255	0
115	div	0	-115792089237315989735501319858115326186788527699343624972350695911497268199297	-255	-115792089237315989735501319858115326186788527699343624972350695911497268199295	-255
115	div	1	-1	-4096	-1	-4096
115	div	2	86844066927987069434652114325051212765021942136869070879428104969778899189711	-240	86844066927987069434652114325051212765021942136869070879428104969778899189713	-240
115	div	3	86844066927987223700704363188117664793382807010173370632825530661574595837999	-4337	86844066927987223700704363188117664793382807010173370632825530661574595838001	-4337
116	recip	0	33083454067804627263877424288196545100934281333040161154130738287975179897124	-256	33083454067804627263877424288196545100934281333040161154130738287975179897125	-256
116	recip	1	108980789870415242751596221184647442685430573802955824978313020242741769072879	-517	108980789870415242751596221184647442685430573802955824978313020242741769072881	-517
117	neg	0	1125899906842623	257	1125899906842623	257
117	neg	1	7	-257	7	-257
118	add	0	-115792089129476408754968425830019847505191461971091986349295294083498688643073	-226	-115792089129476408754968425830019847505191461971091986349295294083498688643071	-226
118	add	1	28948022309329074566901454396016385634710973625011781365112296526663647231999	1844	28948022309329074566901454396016385634710973625011781365112296526663647232000	1844
118	add	2	57896044618658097711785492504343953926634992332820282019728792003956564819967	3	57896044618658097711785492504343953926634992332820282019728792003956564819968	3
118	add	3	57896044618658149133802908792032771269421947250023562730224593053327294463999	1843	57896044618658149133802908792032771269421947250023562730224593053327294464001	1843
119	sub	0	-86844066927987146567678238756515930889952488499230423029593188005934847229953	-511	-86844066927987146567678238756515930889952488499230423029593188005934847229951	-511
119	sub	1	-57896044672577991046086772093677984100674253680094570864809936966163785318401	32	-57896044672577991046086772093677984100674253680094570864809936966163785318399	32
119	sub	2	-57896044618658097711785492504343953926634992332820282019728792003956564819968	-2303	-57896044618658097711785492504343953926634992332820282019728792003956564819967	-2303
119	sub	3	-28948022336288995523043386046838992050337126840047285432404968483081892659200	33	-28948022336288995523043386046838992050337126840047285432404968483081892659199	33
120	mul	0	1208925818488728194121729	6144	1208925818488728194121729	6144
120	mul	1	0	0	0	0
120	mul	2	-1152921504606846975	2048	-1152921504606846975	2048
120	mul	3	0	0	0	0
121	recip	0	-77194726158210796949047323339125271902179989777093709359638389338608753093291	-256	-77194726158210796949047323339125271902179989777093709359638389338608753093289	-256
121	recip	1	-1	62	-1	62
122	neg	0	1073741825	0	1073741825	0
122	neg	1	1	-63	1	-63
123	add	0	-54277541829991966604798899222822456806220305312019014393495742503709279518720	-188	-54277541829991966604798899222822456806220305312019014393495742503709279518719	-188
123	add	1	-57896044618658097711785492504343953926634992332820282019728792003956564819968	-2303	-57896044618658097711785492504343953926634992332820282019728792003956564819967	-2303
123	add	2	57896044618658097711785492504343953926634992332820282019728792003956564819967	1793	57896044618658097711785492504343953926634992332820282019728792003956564819968	1793
123	add	3	57896044618658097711785492504343953926634992332820282019728792003956564819967	1793	57896044618658097711785492504343953926634992332820282019728792003956564819968	1793
124	sub	0	1073741825	2048	1073741825	2048
124	sub	1	17	63	17	63
124	sub	2	1	2079	1	2079
124	sub	3	115792089129476408754968425830019847505191461971091986349295294083498688643071	1822	115792089129476408754968425830019847505191461971091986349295294083498688643073	1822
125	mul	0	0	0	0	0
125	mul	1	0	0	0	0
125	mul	2	0	0	0	0
125	mul	3	0	0	0	0
126	neg	0	1073741823	-257	1073741823	-257
126	neg	1	17	-257	17	-257
127	add	0	-115792089237316092579536152433310273167696074831234002618465981909171670351873	-269	-115792089237316092579536152433310273167696074831234002618465981909171670351871	-269
127	add	1	-57896044618658149133802908792032771269421947250023562730224593053327294464001	-462	-57896044618658149133802908792032771269421947250023562730224593053327294463999	-462
127	add	2	-1125899906842623	-63	-1125899906842623	-63
127	add	3	-1125899906842625	-257	-1125899906842625	-257
128	sub	0	-57896044618658046289768076216655136583848037415617001309232990954585835175936	52	-57896044618658046289768076216655136583848037415617001309232990954585835175935	52
128	sub	1	-115792089237316092579536152433310273167696074831234002618465981909171670351873	51	-115792089237316092579536152433310273167696074831234002618465981909171670351871	51
128	sub	2	115792089129476408754968425830019847505191461971091986349295294083498688643071	-225	115792089129476408754968425830019847505191461971091986349295294083498688643073	-225
128	sub	3	-43422033463993573283839119378257965444976244249615211514796594002967423614976	-254	-43422033463993573283839119378257965444976244249615211514796594002967423614975	-254
129	mul	0	0	0	0	0
129	mul	1	1267650600228229401496703205375	0	1267650600228229401496703205375	0
129	mul	2	0	0	0	0
129	mul	3	7881299347898375	258	7881299347898375	258
130	div	0	153391689	4097	153391689	4097
130	div	1	357913941	4097	357913941	4097
130	div	2	-33083454067804656647887376452590155011098255571442035845842624601901311122286	-269	-33083454067804656647887376452590155011098255571442035845842624601901311122285	-269
130	div	3	-38597363079105432755868605861355180846281298166682375153483062035551529642667	-268	-38597363079105432755868605861355180846281298166682375153483062035551529642666	-268
131	neg	0	1125899906842625	63	1125899906842625	63
131	neg	1	-1073741823	-4096	-1073741823	-4096
132	add	0	-1125899906842623	2048	-1125899906842623	2048
132	add	1	1073741823	-257	1073741823	-257
132	add	2	-562949953421303	2049	-562949953421303	2049
132	add	3	61514547407324228818772085785865451047049679353621549645961841504203850121215	1797	61514547407324228818772085785865451047049679353621549645961841504203850121217	1797
133	sub	0	2251798739943425	-1	2251798739943425	-1
133	sub	1	562949416550399	0	562949416550399	0
133	sub	2	1125899906842625	0	1125899906842625	0
133	sub	3	1125899906842623	-1	1125899906842623	-1
134	mul	0	-3	-1	-3	-1
134	mul	1	-3	4097	-3	4097
134	mul	2	1073741823	-4097	1073741823	-4097
134	mul	3	1073741823	1	1073741823	1
135	div	0	-3	0	-3	0
135	div	1	-3	0	-3	0
135	div	2	3	0	3	0
135	div	3	3	0	3	0
136	neg	0	1073741823	2048	1073741823	2048
136	neg	1	1	-1	1	-1
137	add	0	-61514547407324228818772085785865451047049679353621549645961841504203850121217	-250	-61514547407324228818772085785865451047049679353621549645961841504203850121215	-250
137	add	1	54277541829991966604798899222822456806220305312019014393495742503709279518719	-314	54277541829991966604798899222822456806220305312019014393495742503709279518720	-314
137	add	2	-30757273703662114409386042892932725523524839676810774822980920752101925060608	-249	-30757273703662114409386042892932725523524839676810774822980920752101925060607	-249
137	add	3	108555083659983933209597798445644913612440610624038028786991485007418559037439	-315	108555083659983933209597798445644913612440610624038028786991485007418559037441	-315
138	sub	0	-50659039041325835497812305941300959685805618291217746767262693003461994217472	-252	-50659039041325835497812305941300959685805618291217746767262693003461994217471	-252
138	sub	1	-10384593717069646033688955803664391	0	-10384593717069646033688955803664391	0
138	sub	2	28948022336288995523043386046838992050337126840047285432404968483081892659199	-2272	28948022336288995523043386046838992050337126840047285432404968483081892659200	-2272
138	sub	3	-115792089237316092579536152433310273167696074831234002618465981909171670351873	-143	-115792089237316092579536152433310273167696074831234002618465981909171670351871	-143
139	mul	0	-1073741825	-257	-1073741825	-257
139	mul	1	-16106127375	0	-16106127375	0
139	mul	2	1073741823	3839	1073741823	3839
139	mul	3	16106127345	4096	16106127345	4096
140	neg	0	17	257	17	257
140	neg	1	-17	-257	-17	-257
141	add	0	17	-63	17	-63
141	add	1	9223372036854775825	-63	9223372036854775825	-63
141	add	2	17	-63	17	-63
141	add	3	9223372036854775825	-63	9223372036854775825	-63
142	sub	0	-43422033463993573283839119378257965444976244249615211514796594002967423614976	3843	-43422033463993573283839119378257965444976244249615211514796594002967423614975	3843
142	sub	1	-43422033463993573283839119378257965444976244249615211514796594002967423614976	3843	-43422033463993573283839119378257965444976244249615211514796594002967423614975	3843
142	sub	2	115792089129476408754968425830019847505191461971091986349295294083498688643071	1822	115792089129476408754968425830019847505191461971091986349295294083498688643073	1822
142	sub	3	57896044618658097711785492504343953926634992332820282019728792003956564819967	-253	57896044618658097711785492504343953926634992332820282019728792003956564819969	-253
143	mul	0	-1073741825	1	-1073741825	1
143	mul	1	0	0	0	0
143	mul	2	-7516192775	0	-7516192775	0
143	mul	3	0	0	0	0
144	div	0	-1125899906842623	2305	-1125899906842623	2305
144	div	1	-375299968947541	194	-375299968947541	194
144	div	2	-1	2048	-1	2048
144	div	3	-77194726158210796949047323339125271902179989777093709359638389338608753093291	-320	-77194726158210796949047323339125271902179989777093709359638389338608753093289	-320
145	recip	0	-57896044564738204427701026751335317512249295914004714010332974699616397197312	1763	-57896044564738204427701026751335317512249295914004714010332974699616397197311	1763
145	recip	1	-33083454067804627263877424288196545100934281333040161154130738287975179897125	1791	-33083454067804627263877424288196545100934281333040161154130738287975179897124	1791
146	neg	0	1073741825	4096	1073741825	4096
146	neg	1	1	-4096	1	-4096
147	add	0	7	0	7	0
147	add	1	1125899906842625	0	1125899906842625	0
147	add	2	7	0	7	0
147	add	3	1125899906842625	0	1125899906842625	0
148	sub	0	-57896044618658097711785492504343953926634992332820282019728792003956564819968	1794	-57896044618658097711785492504343953926634992332820282019728792003956564819967	1794
148	sub	1	-57896044618658097711785492504343953926634992332820282019728792003956564819969	1794	-57896044618658097711785492504343953926634992332820282019728792003956564819967	1794
148	sub	2	-28948022309329074566901454396016385634710973625011781365112296526663647232000	-461	-28948022309329074566901454396016385634710973625011781365112296526663647231999	-461
148	sub	3	-57896044618658097711785492504343953926634992332820282019728792003956564819969	3	-57896044618658097711785492504343953926634992332820282019728792003956564819967	3
149	mul	0	-1073741825	8192	-1073741825	8192
149	mul	1	-1073741825	8192	-1073741825	8192
149	mul	2	-1	2049	-1	2049
149	mul	3	-1	2049	-1	2049
150	div	0	108555083659983836793315142906314015956277427671086338599285131212223623987139	3795	108555083659983836793315142906314015956277427671086338599285131212223623987141	3795
150	div	1	51084745251757145039810728680303488758795581470135542958584228238785204252912	-511	51084745251757145039810728680303488758795581470135542958584228238785204252913	-511
150	div	2	28948022336288969812034653957774593312534800518020427460512608409717047295983	3823	28948022336288969812034653957774593312534800518020427460512608409717047295984	3823
150	div	3	108980789971911512557339806293982087718916242221354486333759881348073007658163	-486	108980789971911512557339806293982087718916242221354486333759881348073007658165	-486
151	recip	0	-61755780926568637559237858671300217521743991821674967487710711470887002474633	-4355	-61755780926568637559237858671300217521743991821674967487710711470887002474631	-4355
151	recip	1	-61755780926568637559237858671300217521743991821674967487710711470887002474633	-259	-61755780926568637559237858671300217521743991821674967487710711470887002474631	-259
152	neg	0	17	1	17	1
152	neg	1	-3	1	-3	1
153	add	0	-57896044618658149133802908792032771269421947250023562730224593053327294464001	52	-57896044618658149133802908792032771269421947250023562730224593053327294463999	52
153	add	1	1073741755	-1	1073741755	-1
153	add	2	-57896044618658149133802908792032771269421947250023562730224593053327294464001	52	-57896044618658149133802908792032771269421947250023562730224593053327294463999	52
153	add	3	57896044564738204377484212915009923752595730985545993174647647041749344321535	-226	57896044564738204377484212915009923752595730985545993174647647041749344321536	-226
154	sub	0	28948022336288995523043386046838992050337126840047285432404968483081892659199	1824	28948022336288995523043386046838992050337126840047285432404968483081892659200	1824
154	sub	1	-115792089237316092579536152433310273167696074831234002618465981909171670351873	-207	-115792089237316092579536152433310273167696074831234002618465981909171670351871	-207
154	sub	2	28948022336288995523043386046838992050337126840047285432404968483081892659199	1824	28948022336288995523043386046838992050337126840047285432404968483081892659200	1824
154	sub	3	-115792089129476408754968425830019847505191461971091986349295294083498688643073	-2274	-115792089129476408754968425830019847505191461971091986349295294083498688643071	-2274
155	mul	0	255	64	255	64
155	mul	1	16106127375	-62	16106127375	-62
155	mul	2	-255	62	-255	62
155	mul	3	-16106127375	-64	-16106127375	-64
156	div	0	7	2048	7	2048
156	div	1	33772692694217223665208203960867306457203745527478497844841795335641329478314	-251	33772692694217223665208203960867306457203745527478497844841795335641329478315	-251
156	div	2	1073741825	2048	1073741825	2048
156	div	3	38597363115051994030724514729118656067116169120063047243206624644109190212266	-224	38597363115051994030724514729118656067116169120063047243206624644109190212267	-224
157	recip	0	57896044618658149133802908792078443195588538006782247088550353774383063891999	-242	57896044618658149133802908792078443195588538006782247088550353774383063892001	-242
157	recip	1	115792089237316092579536152433401617020029256182492094505904139959705198919615	-243	115792089237316092579536152433401617020029256182492094505904139959705198919617	-243
158	neg	0	17	-1	17	-1
158	neg	1	17	-63	17	-63
159	add	0	-536870913	-62	-536870913	-62
159	add	1	9903520323506414234974027777	-63	9903520323506414234974027777	-63
159	add	2	0	0	0	0
159	add	3	9903520323506414236047769603	-63	9903520323506414236047769603	-63
160	sub	0	54277541829991966604798899222822456806220305312019014393495742503709279518719	-508	54277541829991966604798899222822456806220305312019014393495742503709279518720	-508
160	sub	1	-57896044564738204377484212915009923752595730985545993174647647041749344321536	-162	-57896044564738204377484212915009923752595730985545993174647647041749344321535	-162
160	sub	2	54277541829991966604798899222822456806220305312019014393495742503709279518719	-250	54277541829991966604798899222822456806220305312019014393495742503709279518720	-250
160	sub	3	-4951760152529835081169108977	1	-4951760152529835081169108977	1
161	mul	0	0	0	0	0
161	mul	1	0	0	0	0
161	mul	2	0	0	0	0
161	mul	3	0	0	0	0
162	div	0	153391689	-2111	153391689	-2111
162	div	1	357913941	-2111	357913941	-2111
162	div	2	-49625181101706940895816136432294817651401421999560241731196107431962769845687	-4352	-49625181101706940895816136432294817651401421999560241731196107431962769845686	-4352
162	div	3	-1	-4096	-1	-4096
163	recip	0	33083454067804627263877424288196545100934281333040161154130738287975179897124	1791	33083454067804627263877424288196545100934281333040161154130738287975179897125	1791
163	recip	1	57896044672577991096303586023539482649505605454718759408944059648168270266367	-285	57896044672577991096303586023539482649505605454718759408944059648168270266369	-285
164	neg	0	17	257	17	257
164	neg	1	-1073741825	2048	-1073741825	2048
165	add	0	-86844066927987146567678238756515930889952488499230423029593188005934847229953	1794	-86844066927987146567678238756515930889952488499230423029593188005934847229951	1794
165	add	1	-108555083659983933209597798445644913612440610624038028786991485007418559037441	-189	-108555083659983933209597798445644913612440610624038028786991485007418559037439	-189
165	add	2	-3	2048	-3	2048
165	add	3	-1073741825	-4096	-1073741825	-4096
166	sub	0	-115792089129476408754968425830019847505191461971091986349295294083498688643073	-483	-115792089129476408754968425830019847505191461971091986349295294083498688643071	-483
166	sub	1	-115792089129476408754968425830019847505191461971091986349295294083498688643073	-483	-115792089129476408754968425830019847505191461971091986349295294083498688643071	-483
166	sub	2	-1	-2044	-1	-2044
166	sub	3	-1	-2044	-1	-2044
167	mul	0	1073741825	0	1073741825	0
167	mul	1	-1	2	-1	2
167	mul	2	-7516192775	-1	-7516192775	-1
167	mul	3	7	1	7	1
168	div	0	-115792089129476306011367316708264215253997618344549156537114906087508504805377	-430	-115792089129476306011367316708264215253997618344549156537114906087508504805375	-430
168	div	1	-1125899906842623	-1985	-1125899906842623	-1985
168	div	2	-115792089129476306011367316708264215253997618344549156537114906087508504805377	-430	-115792089129476306011367316708264215253997618344549156537114906087508504805375	-430
168	div	3	-1125899906842623	-1985	-1125899906842623	-1985
169	neg	0	1	4097	1	4097
169	neg	1	-1073741823	2048	-1073741823	2048
170	add	0	-57896044618658097711785492504343953926634992332820282019728792003956564819968	-511	-57896044618658097711785492504343953926634992332820282019728792003956564819967	-511
170	add	1	57896044564738204377484212915009923752595730985545993174647647041749344321535	-2273	57896044564738204377484212915009923752595730985545993174647647041749344321536	-2273
170	add	2	28948022309329074566901454396016385634710973625011781365112296526663647231999	-205	28948022309329074566901454396016385634710973625011781365112296526663647232000	-205
170	add	3	28948022309329074566901454396016385634710973625011781365112296526663647231999	-205	28948022309329074566901454396016385634710973625011781365112296526663647232000	-205
171	sub	0	57896044618658097711785492504343953926634992332820282019728792003956564819967	-192	57896044618658097711785492504343953926634992332820282019728792003956564819969	-192
171	sub	1	-28948022336288995523043386046838992050337126840047285432404968483081892659200	33	-28948022336288995523043386046838992050337126840047285432404968483081892659199	33
171	sub	2	61514547407324228818772085785865451047049679353621549645961841504203850121215	3845	61514547407324228818772085785865451047049679353621549645961841504203850121217	3845
171	sub	3	30757273703662114409386042892932725523524839676810774822980920752101925060607	3846	30757273703662114409386042892932725523524839676810774822980920752101925060608	3846
172	mul	0	16888498602639345	-2048	16888498602639345	-2048
172	mul	1	7881299347898361	-4159	7881299347898361	-4159
172	mul	2	-16106127345	0	-16106127345	0
172	mul	3	-7516192761	-2111	-7516192761	-2111
173	neg	0	1125899906842623	-4096	1125899906842623	-4096
173	neg	1	-1125899906842625	2048	-1125899906842625	2048
174	add	0	-1	260	-1	260
174	add	1	-101318078082651670995624611882601919371611236582435493534525386006923988434945	4	-101318078082651670995624611882601919371611236582435493534525386006923988434943	4
174	add	2	-1	257	-1	257
174	add	3	-15	-257	-15	-257
175	sub	0	-15	-257	-15	-257
175	sub	1	-61514547407324228818772085785865451047049679353621549645961841504203850121217	1797	-61514547407324228818772085785865451047049679353621549645961841504203850121215	1797
175	sub	2	17	1	17	1
175	sub	3	-30757273703662114409386042892932725523524839676810774822980920752101925060608	1798	-30757273703662114409386042892932725523524839676810774822980920752101925060607	1798
176	mul	0	-7	126	-7	126
176	mul	1	-7881299347898361	4159	-7881299347898361	4159
176	mul	2	1073741825	62	1073741825	62
176	mul	3	1208925820740528007806975	4095	1208925820740528007806975	4095
177	div	0	61514547407324283454665590591583345895312821632206137531584750885282005385249	1747	61514547407324283454665590591583345895312821632206137531584750885282005385251	1747
177	div	1	35151169947042416467869763306208829169742673916355171226263909430973628640694	-2300	35151169947042416467869763306208829169742673916355171226263909430973628640695	-2300
177	div	2	57896044672578042468104236271898125428697158348266251726505340511074018918431	7917	57896044672578042468104236271898125428697158348266251726505340511074018918433	7917
177	div	3	66166908197231989766956310964203410400770575634393795274068499389901468935313	3869	66166908197231989766956310964203410400770575634393795274068499389901468935315	3869
178	recip	0	-33083454067804627263877424288196545100934281333040161154130738287975179897125	-256	-33083454067804627263877424288196545100934281333040161154130738287975179897124	-256
178	recip	1	-57896044672577991096303586023539482649505605454718759408944059648168270266369	1763	-57896044672577991096303586023539482649505605454718759408944059648168270266367	1763
179	neg	0	1073741823	1	1073741823	1
179	neg	1	-1125899906842623	257	-1125899906842623	257
180	add	0	-7	0	-7	0
180	add	1	-7	0	-7	0
180	add	2	57896044618658097711785492504343953926634992332820282019728792003956564819967	-256	57896044618658097711785492504343953926634992332820282019728792003956564819968	-256
180	add	3	57896044618658097711785492504343953926634992332820282019728792003956564819967	-256	57896044618658097711785492504343953926634992332820282019728792003956564819968	-256
181	sub	0	28948022309329074566901454396016385634710973625011781365112296526663647231999	1844	28948022309329074566901454396016385634710973625011781365112296526663647232000	1844
181	sub	1	-281474976710657	3	-281474976710657	3
181	sub	2	1125899906842625	2048	1125899906842625	2048
181	sub	3	-3	1	-3	1
182	mul	0	1208925818488728194121729	-4095	1208925818488728194121729	-4095
182	mul	1	-19140298416324591	-4095	-19140298416324591	-4095
182	mul	2	-1208925818488728194121729	2	-1208925818488728194121729	2
182	mul	3	19140298416324591	2	19140298416324591	2
183	div	0	-15	-4353	-15	-4353
183	div	1	-15	-259	-15	-259
183	div	2	-1125899906842625	-4353	-1125899906842625	-4353
183	div	3	-1125899906842625	-259	-1125899906842625	-259
184	neg	0	15	63	15	63
184	neg	1	-1	0	-1	0
185	add	0	-17	4096	-17	4096
185	add	1	-1125899906842623	63	-1125899906842623	63
185	add	2	-17	4096	-17	4096
185	add	3	-1125899906842623	63	-1125899906842623	63
186	sub	0	536870905	-256	536870905	-256
186	sub	1	-28948022309329074566901454396016385634710973625011781365112296526663647232000	1844	-28948022309329074566901454396016385634710973625011781365112296526663647231999	1844
186	sub	2	30757273703662114409386042892932725523524839676810774822980920752101925060607	3846	30757273703662114409386042892932725523524839676810774822980920752101925060608	3846
186	sub	3	30757273703662114409386042892932725523524839676810774822980920752101925060607	3846	30757273703662114409386042892932725523524839676810774822980920752101925060608	3846
187	mul	0	1267650600228229401496703205375	-62	1267650600228229401496703205375	-62
187	mul	1	-3377699720527875	-63	-3377699720527875	-63
187	mul	2	-16888498602639345	0	-16888498602639345	0
187	mul	3	45	-1	45	-1
188	div	0	108980789870415242751596221184647442685430573802955824978313020242741769072879	-259	108980789870415242751596221184647442685430573802955824978313020242741769072881	-259
188	div	1	77194726158210796949047323339125271902179989777093709359638389338608753093289	1	77194726158210796949047323339125271902179989777093709359638389338608753093291	1
188	div	2	-108980789870415145957210496407821433569596305723514355405615041796867454448821	-2258	-108980789870415145957210496407821433569596305723514355405615041796867454448819	-2258
188	div	3	-375299968947541	-1791	-375299968947541	-1791
189	neg	0	1073741825	-1	1073741825	-1
189	neg	1	-1125899906842625	-63	-1125899906842625	-63
190	add	0	-61514547407324228818772085785865451047049679353621549645961841504203850121217	1797	-61514547407324228818772085785865451047049679353621549645961841504203850121215	1797
190	add	1	-30757273703662114409386042892932725523524839676810774822980920752101925060608	1798	-30757273703662114409386042892932725523524839676810774822980920752101925060607	1798
190	add	2	-1	-256	-1	-256
190	add	3	17	-2048	17	-2048
191	sub	0	50659039041325835497812305941300959685805618291217746767262693003461994217471	-252	50659039041325835497812305941300959685805618291217746767262693003461994217472	-252
191	sub	1	-57896044618658149133802908792032771269421947250023562730224593053327294464001	-206	-57896044618658149133802908792032771269421947250023562730224593053327294463999	-206
191	sub	2	7	0	7	0
191	sub	3	-1125899906842625	-1	-1125899906842625	-1
192	mul	0	1208925820740530155290625	-1	1208925820740530155290625	-1
192	mul	1	1208925820740530155290625	256	1208925820740530155290625	256
192	mul	2	1073741825	63	1073741825	63
192	mul	3	1073741825	320	1073741825	320
193	recip	0	-1	-258	-1	-258
193	recip	1	-115792089237316092579536152433401617020029256182492094505904139959705198919617	1742	-115792089237316092579536152433401617020029256182492094505904139959705198919615	1742
194	neg	0	1125899906842625	-63	1125899906842625	-63
194	neg	1	1073741823	-2048	1073741823	-2048
195	add	0	43422033463993573283839119378257965444976244249615211514796594002967423614975	-510	43422033463993573283839119378257965444976244249615211514796594002967423614976	-510
195	add	1	86844066927987146567678238756515930889952488499230423029593188005934847229951	-511	86844066927987146567678238756515930889952488499230423029593188005934847229953	-511
195	add	2	57896044564738204377484212915009923752595730985545993174647647041749344321535	-162	57896044564738204377484212915009923752595730985545993174647647041749344321536	-162
195	add	3	115792089129476408754968425830019847505191461971091986349295294083498688643071	-163	115792089129476408754968425830019847505191461971091986349295294083498688643073	-163
196	sub	0	-28948022309329048855892746252171976963317496166410141009864396001978315964416	-252	-28948022309329048855892746252171976963317496166410141009864396001978315964415	-252
196	sub	1	-115792089129476408754968425830019847505191461971091986349295294083498688643073	31	-115792089129476408754968425830019847505191461971091986349295294083498688643071	31
196	sub	2	-57896044564738204377484212915009923752595730985545993174647647041749344321536	-482	-57896044564738204377484212915009923752595730985545993174647647041749344321535	-482
196	sub	3	-57896044564738204377484212915009923752595730985545993174647647041749344321536	32	-57896044564738204377484212915009923752595730985545993174647647041749344321535	32
197	mul	0	0	0	0	0
197	mul	1	0	0	0	0
197	mul	2	0	0	0	0
197	mul	3	0	0	0	0
198	div	0	54490394884459486472926318037656398825972452692278581811433079568705265243798	3804	54490394884459486472926318037656398825972452692278581811433079568705265243799	3804
198	div	1	153391689	0	153391689	0
198	div	2	108980789971911512557339806293982087718916242221354486333759881348073007658163	3803	108980789971911512557339806293982087718916242221354486333759881348073007658165	3803
198	div	3	66166908197231989766956310964203410400770575634393795274068499389901468935313	-228	66166908197231989766956310964203410400770575634393795274068499389901468935315	-228
199	recip	0	-1	-4097	-1	-4097
199	recip	1	-1	0	-1	0
200	neg	0	7	2048	7	2048
200	neg	1	-17	-1	-17	-1
201	add	0	-1125899906842625	-257	-1125899906842625	-257
201	add	1	-28948022309329074566901454396016385634710973625011781365112296526663647232000	-461	-28948022309329074566901454396016385634710973625011781365112296526663647231999	-461
201	add	2	3	-4096	3	-4096
201	add	3	281474976710657	-4094	281474976710657	-4094
202	sub	0	-19807040647012828472095539199	-63	-19807040647012828472095539199	-63
202	sub	1	-3221225475	0	-3221225475	0
202	sub	2	57896044618658097711785492504343953926634992332820282019728792003956564819967	-318	57896044618658097711785492504343953926634992332820282019728792003956564819969	-318
202	sub	3	-28948022336288995523043386046838992050337126840047285432404968483081892659200	-224	-28948022336288995523043386046838992050337126840047285432404968483081892659199	-224
203	mul	0	1267650600228231653296516890625	-1791	1267650600228231653296516890625	-1791
203	mul	1	0	0	0	0
203	mul	2	-7881299347898375	256	-7881299347898375	256
203	mul	3	0	0	0	0
204	neg	0	7	-63	7	-63
204	neg	1	-17	-1	-17	-1
205	add	0	-43422033463993573283839119378257965444976244249615211514796594002967423614976	1795	-43422033463993573283839119378257965444976244249615211514796594002967423614975	1795
205	add	1	-43422033463993573283839119378257965444976244249615211514796594002967423614976	1795	-43422033463993573283839119378257965444976244249615211514796594002967423614975	1795
205	add	2	115792089129476408754968425830019847505191461971091986349295294083498688643071	1822	115792089129476408754968425830019847505191461971091986349295294083498688643073	1822
205	add	3	115792089129476408754968425830019847505191461971091986349295294083498688643071	1822	115792089129476408754968425830019847505191461971091986349295294083498688643073	1822
206	sub	0	-3221225473	0	-3221225473	0
206	sub	1	-115792089237316092579536152433310273167696074831234002618465981909171670351873	51	-115792089237316092579536152433310273167696074831234002618465981909171670351871	51
206	sub	2	57896044618658097711785492504343953926634992332820282019728792003956564819967	3842	57896044618658097711785492504343953926634992332820282019728792003956564819968	3842
206	sub	3	57896044618658097711785492504343953926634992332820282019728792003956564819967	3842	57896044618658097711785492504343953926634992332820282019728792003956564819968	3842
207	mul	0	0	0	0	0
207	mul	1	0	0	0	0
207	mul	2	-105	-64	-105	-64
207	mul	3	15	1	15	1
208	div	0	-108980789870415242751596221184647442685430573802955824978313020242741769072881	-259	-108980789870415242751596221184647442685430573802955824978313020242741769072879	-259
208	div	1	-1	-1790	-1	-1790
208	div	2	54490394884459486472926318037656398825972452692278581811433079568705265243798	-229	54490394884459486472926318037656398825972452692278581811433079568705265243799	-229
208	div	3	1073741823	-1791	1073741823	-1791
209	neg	0	-17	-257	-17	-257
209	neg	1	-3	4096	-3	4096
210	add	0	57896044618658149133802908792032771269421947250023562730224593053327294463999	-268	57896044618658149133802908792032771269421947250023562730224593053327294464001	-268
210	add	1	108555083659983933209597798445644913612440610624038028786991485007418559037439	-251	108555083659983933209597798445644913612440610624038028786991485007418559037441	-251
210	add	2	101318078082651670995624611882601919371611236582435493534525386006923988434943	4	101318078082651670995624611882601919371611236582435493534525386006923988434945	4
210	add	3	50659039041325835497812305941300959685805618291217746767262693003461994217472	5	50659039041325835497812305941300959685805618291217746767262693003461994217473	5
211	sub	0	5	257	5	257
211	sub	1	0	0	0	0
211	sub	2	57896044564738204377484212915009923752595730985545993174647647041749344321535	3871	57896044564738204377484212915009923752595730985545993174647647041749344321536	3871
211	sub	3	57896044564738204377484212915009923752595730985545993174647647041749344321535	3871	57896044564738204377484212915009923752595730985545993174647647041749344321536	3871
212	mul	0	-7881299347898375	-3839	-7881299347898375	-3839
212	mul	1	-7881299347898375	4353	-7881299347898375	4353
212	mul	2	1208925818488730341605375	-2048	1208925818488730341605375	-2048
212	mul	3	1208925818488730341605375	6144	1208925818488730341605375	6144
213	neg	0	3	-257	3	-257
213	neg	1	7	-2048	7	-2048
214	add	0	-108555083659983933209597798445644913612440610624038028786991485007418559037441	3844	-108555083659983933209597798445644913612440610624038028786991485007418559037439	3844
214	add	1	-15	4096	-15	4096
214	add	2	28948022336288995523043386046838992050337126840047285432404968483081892659199	-223	28948022336288995523043386046838992050337126840047285432404968483081892659200	-223
214	add	3	1073741825	1	1073741825	1
215	sub	0	-1073741821	0	-1073741821	0
215	sub	1	-108555083659983933209597798445644913612440610624038028786991485007418559037441	1796	-108555083659983933209597798445644913612440610624038028786991485007418559037439	1796
215	sub	2	19	0	19	0
215	sub	3	-54277541829991966604798899222822456806220305312019014393495742503709279518720	1797	-54277541829991966604798899222822456806220305312019014393495742503709279518719	1797
216	mul	0	21	-257	21	-257
216	mul	1	-7516192775	-63	-7516192775	-63
216	mul	2	9	-320	9	-320
216	mul	3	-3221225475	-126	-3221225475	-126
217	div	0	-108555083761083733305569223794136529967823010227597673891770111840315506749441	-540	-108555083761083733305569223794136529967823010227597673891770111840315506749439	-540
217	div	1	-15	256	-15	256
217	div	2	-108555083761083733305569223794136529967823010227597673891770111840315506749441	3557	-108555083761083733305569223794136529967823010227597673891770111840315506749439	3557
217	div	3	-15	4353	-15	4353
218	neg	0	1125899906842623	-63	1125899906842623	-63
218	neg	1	-3	-1	-3	-1
219	add	0	-1	4096	-1	4096
219	add	1	1	258	1	258
219	add	2	-1	4096	-1	4096
219	add	3	1	258	1	258
220	sub	0	57896044618658097711785492504343953926634992332820282019728792003956564819967	3842	57896044618658097711785492504343953926634992332820282019728792003956564819968	3842
220	sub	1	-43422033463993573283839119378257965444976244249615211514796594002967423614976	4	-43422033463993573283839119378257965444976244249615211514796594002967423614975	4
220	sub	2	57896044618658097711785492504343953926634992332820282019728792003956564819967	3842	57896044618658097711785492504343953926634992332820282019728792003956564819968	3842
220	sub	3	-57896044618658097711785492504343953926634992332820282019728792003956564819968	3	-57896044618658097711785492504343953926634992332820282019728792003956564819967	3
221	mul	0	-3377699720527875	-1791	-3377699720527875	-1791
221	mul	1	-21	257	-21	257
221	mul	2	19140298416324625	2048	19140298416324625	2048
221	mul	3	119	4096	119	4096
222	div	0	-1125899906842625	2048	-1125899906842625	2048
222	div	1	-1125899906842625	2048	-1125899906842625	2048
222	div	2	7	0	7	0
222	div	3	7	0	7	0
223	neg	0	17	-257	17	-257
223	neg	1	-1073741825	0	-1073741825	0
224	add	0	-17	-1	-17	-1
224	add	1	562949953421311	0	562949953421311	0
224	add	2	57896044618658046289768076216655136583848037415617001309232990954585835175935	52	57896044618658046289768076216655136583848037415617001309232990954585835175936	52
224	add	3	115792089237316092579536152433310273167696074831234002618465981909171670351871	51	115792089237316092579536152433310273167696074831234002618465981909171670351873	51
225	sub	0	-28948022336288995523043386046838992050337126840047285432404968483081892659200	-224	-28948022336288995523043386046838992050337126840047285432404968483081892659199	-224
225	sub	1	-57896044618658046289768076216655136583848037415617001309232990954585835175936	-206	-57896044618658046289768076216655136583848037415617001309232990954585835175935	-206
225	sub	2	-28948022336288995523043386046838992050337126840047285432404968483081892659200	-224	-28948022336288995523043386046838992050337126840047285432404968483081892659199	-224
225	sub	3	-57896044618658046289768076216655136583848037415617001309232990954585835175936	-206	-57896044618658046289768076216655136583848037415617001309232990954585835175935	-206
226	mul	0	51	194	51	194
226	mul	1	-3	320	-3	320
226	mul	2	-255	0	-255	0
226	mul	3	15	126	15	126
227	neg	0	-1125899906842623	-63	-1125899906842623	-63
227	neg	1	-17	-1	-17	-1
228	add	0	-57896044618658097711785492504343953926634992332820282019728792003956564819969	1794	-57896044618658097711785492504343953926634992332820282019728792003956564819967	1794
228	add	1	-75325220824640169166029473078491996993228266459468320997375	-257	-75325220824640169166029473078491996993228266459468320997375	-257
228	add	2	-57896044618658097711785492504343953926634992332820282019728792003956564819968	1794	-57896044618658097711785492504343953926634992332820282019728792003956564819967	1794
228	add	3	101318078082651670995624611882601919371611236582435493534525385971739616346111	-252	101318078082651670995624611882601919371611236582435493534525385971739616346113	-252
229	sub	0	-43422033463993573283839119378257965444976244249615211514796594002967423614976	3843	-43422033463993573283839119378257965444976244249615211514796594002967423614975	3843
229	sub	1	-86844066927987146567678238756515930889952488499230423029593188005934847229953	3842	-86844066927987146567678238756515930889952488499230423029593188005934847229951	3842
229	sub	2	-54277541829991966604798899222822456806220305312019014393495742503709279518720	1797	-54277541829991966604798899222822456806220305312019014393495742503709279518719	1797
229	sub	3	-108555083659983933209597798445644913612440610624038028786991485007418559037441	1796	-108555083659983933209597798445644913612440610624038028786991485007418559037439	1796
230	mul	0	0	0	0	0
230	mul	1	0	0	0	0
230	mul	2	0	0	0	0
230	mul	3	0	0	0	0
231	recip	0	108980789870415242751596221184647442685430573802955824978313020242741769072879	-259	108980789870415242751596221184647442685430573802955824978313020242741769072881	-259
231	recip	1	1	-2049	1	-2049
232	neg	0	-1	-62	-1	-62
232	neg	1	-3	0	-3	0
233	add	0	57896044618658097711785492504343953926634992332820282019728792003956564819967	3842	57896044618658097711785492504343953926634992332820282019728792003956564819969	3842
233	add	1	57896044618658149133802908792032771269421947250023562730224593053327294463999	3891	57896044618658149133802908792032771269421947250023562730224593053327294464001	3891
233	add	2	57896044618658097711785492504343953926634992332820282019728792003956564819967	3842	57896044618658097711785492504343953926634992332820282019728792003956564819969	3842
233	add	3	57896044618658149133802908792032771269421947250023562730224593053327294463999	3891	57896044618658149133802908792032771269421947250023562730224593053327294464001	3891
234	sub	0	-1073741823	63	-1073741823	63
234	sub	1	-9903520305059670162338217985	0	-9903520305059670162338217985	0
234	sub	2	17	2048	17	2048
234	sub	3	30757273703662114409386042892932725523524839676810774822980920752101925060607	1798	30757273703662114409386042892932725523524839676810774822980920752101925060608	1798
235	mul	0	-1	1	-1	1
235	mul	1	-1	1	-1	1
235	mul	2	-1	-62	-1	-62
235	mul	3	-1	-62	-1	-62
236	recip	0	-115792089237316092579536152433401617020029256182492094505904139959705198919617	-307	-115792089237316092579536152433401617020029256182492094505904139959705198919615	-307
236	recip	1	-1	1	-1	1
237	neg	0	1125899906842623	-1	1125899906842623	-1
237	neg	1	-1073741823	-4096	-1073741823	-4096
238	add	0	-30757273703662114409386042892932725523524839676810774822980920752101925060608	3846	-30757273703662114409386042892932725523524839676810774822980920752101925060607	3846
238	add	1	-30757273703662114409386042892932725523524839676810774822980920752101925060608	3846	-30757273703662114409386042892932725523524839676810774822980920752101925060607	3846
238	add	2	1073741823	-4096	1073741823	-4096
238	add	3	3	0	3	0
239	sub	0	-57896044672577991046086772093677984100674253680094570864809936966163785318401	1823	-57896044672577991046086772093677984100674253680094570864809936966163785318399	1823
239	sub	1	-67108865	2052	-67108865	2052
239	sub	2	-17	-63	-17	-63
239	sub	3	-15	2048	-15	2048
240	mul	0	-225	2048	-225	2048
240	mul	1	-16106127345	-2049	-16106127345	-2049
240	mul	2	-15	8192	-15	8192
240	mul	3	-1073741823	4095	-1073741823	4095
241	div	0	-1073741825	-3840	-1073741825	-3840
241	div	1	-38597363115051994030724514729118656067116169120063047243206624644109190212267	-8418	-38597363115051994030724514729118656067116169120063047243206624644109190212266	-8418
241	div	2	-1073741823	-3840	-1073741823	-3840
241	div	3	-357913941	-8192	-357913941	-8192
242	neg	0	1073741825	63	1073741825	63
242	neg	1	15	0	15	0
243	add	0	-1	-1	-1	-1
243	add	1	-115792089237316195423570985008687907853269984665640564039457582882013222797311	-257	-115792089237316195423570985008687907853269984665640564039457582882013222797311	-257
243	add	2	1125899906842625	-2048	1125899906842625	-2048
243	add	3	57896044618658149133802908792032771269421947250023562730224593053327294463999	-462	57896044618658149133802908792032771269421947250023562730224593053327294464001	-462
244	sub	0	13	2048	13	2048
244	sub	1	-57896044618658097711785492504343953926634992332820282019728792003956564819969	1794	-57896044618658097711785492504343953926634992332820282019728792003956564819967	1794
244	sub	2	54277541829991966604798899222822456806220305312019014393495742503709279518719	1797	54277541829991966604798899222822456806220305312019014393495742503709279518720	1797
244	sub	3	-1073741825	258	-1073741825	258
245	mul	0	1152921506754330625	-257	1152921506754330625	-257
245	mul	1	-1208925820740528007806975	1791	-1208925820740528007806975	1791
245	mul	2	1073741825	-257	1073741825	-257
245	mul	3	-1125899906842623	1791	-1125899906842623	1791
246	div	0	57896044618658149133802908792078443195588538006782247088550353774383063891999	-304	57896044618658149133802908792078443195588538006782247088550353774383063892001	-304
246	div	1	1	2306	1	2306
246	div	2	-57896044618658200555820325079812932464542083680744212157371915544809562964033	-2240	-57896044618658200555820325079812932464542083680744212157371915544809562964031	-2240
246	div	3	-1125899906842625	320	-1125899906842625	320
247	neg	0	1125899906842623	-1	1125899906842623	-1
247	neg	1	0	0	0	0
248	add	0	10384593717069646033688954729922561	-63	10384593717069646033688954729922561	-63
248	add	1	28948022336288995523043386046838992050337126840047285432404968483081892659199	1824	28948022336288995523043386046838992050337126840047285432404968483081892659200	1824
248	add	2	1125899906842623	0	1125899906842623	0
248	add	3	1073741825	2048	1073741825	2048
249	sub	0	536870911	1	536870911	1
249	sub	1	536870911	1	536870911	1
249	sub	2	30757273703662114409386042892932725523524839676810774822980920752101925060607	7	30757273703662114409386042892932725523524839676810774822980920752101925060608	7
249	sub	3	30757273703662114409386042892932725523524839676810774822980920752101925060607	7	30757273703662114409386042892932725523524839676810774822980920752101925060608	7
250	mul	0	0	0	0	0
250	mul	1	0	0	0	0
250	mul	2	-7881299347898375	1985	-7881299347898375	1985
250	mul	3	7881299347898375	2047	7881299347898375	2047
251	div	0	17	4096	17	4096
251	div	1	35151169947042416467869763306208829169742673916355171226263909430973628640694	7939	35151169947042416467869763306208829169742673916355171226263909430973628640695	7939
251	div	2	1125899906842623	-63	1125899906842623	-63
251	div	3	66166908135609195759734944247605870381540614189276572924837703948098097343925	3825	66166908135609195759734944247605870381540614189276572924837703948098097343927	3825
252	neg	0	-1	-1	-1	-1
252	neg	1	-3	4096	-3	4096
253	add	0	-1073741825	-63	-1073741825	-63
253	add	1	-1073741825	-63	-1073741825	-63
253	add	2	-1073741825	-63	-1073741825	-63
253	add	3	-1073741825	-63	-1073741825	-63
254	sub	0	-15	257	-15	257
254	sub	1	-108555083659983933209597798445644913612440610624038028786991485007418559037441	5	-108555083659983933209597798445644913612440610624038028786991485007418559037439	5
254	sub	2	-1	1	-1	1
254	sub	3	-57896044618658097711785492504343953926634992332820282019728792003956564819969	-254	-57896044618658097711785492504343953926634992332820282019728792003956564819967	-254
255	mul	0	0	0	0	0
255	mul	1	0	0	0	0
255	mul	2	15	-256	15	-256
255	mul	3	1	3839	1	3839
256	neg	0	-1125899906842623	-1	-1125899906842623	-1
256	neg	1	-1125899906842623	4096	-1125899906842623	4096
257	add	0	-57896044618658097711785492504343953926634992332820282019728792003956564819969	1793	-57896044618658097711785492504343953926634992332820282019728792003956564819967	1793
257	add	1	-57896044618658097711785492504343953926634992332820282019728792003956564819969	1793	-57896044618658097711785492504343953926634992332820282019728792003956564819967	1793
257	add	2	-57896044618658097711785492504343953926634992332820282019728792003956564819969	2	-57896044618658097711785492504343953926634992332820282019728792003956564819967	2
257	add	3	-3	-60	-3	-60
258	sub	0	1	-2047	1	-2047
258	sub	1	0	0	0	0
258	sub	2	101318078082651670995624611882601919371611236582435493534525386006923988434943	-254	101318078082651670995624611882601919371611236582435493534525386006923988434945	-254
258	sub	3	7	-1	7	-1
259	mul	0	-1073741823	-8191	-1073741823	-8191
259	mul	1	1125899906842623	-4158	1125899906842623	-4158
259	mul	2	-1208925818488730341605375	-4095	-1208925818488730341605375	-4095
259	mul	3	1267650600228229401496703205375	-62	1267650600228229401496703205375	-62
260	div	0	95358191136613337407646693536566512349751752077586346856023892712399047938769	-321	95358191136613337407646693536566512349751752077586346856023892712399047938771	-321
260	div	1	7	4095	7	4095
260	div	2	-108980789870415145957210496407821433569596305723514355405615041796867454448821	-274	-108980789870415145957210496407821433569596305723514355405615041796867454448819	-274
260	div	3	-1125899906842623	4095	-1125899906842623	4095
261	neg	0	-3	257	-3	257
261	neg	1	-1	2049	-1	2049
262	add	0	3	-4096	3	-4096
262	add	1	3	-4096	3	-4096
262	add	2	3	-4096	3	-4096
262	add	3	3	-4096	3	-4096
263	sub	0	57896044618658097711785492504343953926634992332820282019728792003956564819965	-254	57896044618658097711785492504343953926634992332820282019728792003956564819966	-254
263	sub	1	-30757273703662114409386042892932725523524839676810774822980920752101925060608	-507	-30757273703662114409386042892932725523524839676810774822980920752101925060607	-507
263	sub	2	18446744073709551623	-63	18446744073709551623	-63
263	sub	3	101318078082651670995624611882601919371611236582435493534525386006923988434943	-316	101318078082651670995624611882601919371611236582435493534525386006923988434945	-316
264	mul	0	0	0	0	0
264	mul	1	0	0	0	0
264	mul	2	0	0	0	0
264	mul	3	0	0	0	0
265	div	0	1	63	1	63
265	div	1	357913941	63	357913941	63
265	div	2	-57896044672578042518321050201713996652809822669887828602285686020760856985601	-298	-57896044672578042518321050201713996652809822669887828602285686020760856985599	-298
265	div	3	-38597363079105432755868605861355180846281298166682375153483062035551529642667	-269	-38597363079105432755868605861355180846281298166682375153483062035551529642666	-269
266	neg	0	-15	-2048	-15	-2048
266	neg	1	-1	-256	-1	-256
267	add	0	-57896044618658097711785492504343953926634992332820282019728792003956564819968	-192	-57896044618658097711785492504343953926634992332820282019728792003956564819967	-192
267	add	1	101318078082651670995624611882601919371611236582435493534525386006923988434943	4	101318078082651670995624611882601919371611236582435493534525386006923988434945	4
267	add	2	54277541829991966604798899222822456806220305312019014393495742503709279518719	3845	54277541829991966604798899222822456806220305312019014393495742503709279518720	3845
267	add	3	108555083659983933209597798445644913612440610624038028786991485007418559037439	3844	108555083659983933209597798445644913612440610624038028786991485007418559037441	3844
268	sub	0	-1125899906842625	-4096	-1125899906842625	-4096
268	sub	1	-61514547407324228818772085785865451047049679353621549645961841504203850121217	-314	-61514547407324228818772085785865451047049679353621549645961841504203850121215	-314
268	sub	2	57896044618658097711785492504343953926634992332820282019728792003956564819967	3842	57896044618658097711785492504343953926634992332820282019728792003956564819968	3842
268	sub	3	57896044618658097711785492504343953926634992332820282019728792003956564819967	3842	57896044618658097711785492504343953926634992332820282019728792003956564819968	3842
269	mul	0	0	0	0	0
269	mul	1	0	0	0	0
269	mul	2	-45	-4353	-45	-4353
269	mul	3	9	1791	9	1791
270	div	0	-108980789870415145957210496407821433569596305723514355405615041796867454448821	110	-108980789870415145957210496407821433569596305723514355405615041796867454448819	110
270	div	1	-66166908135609195759734944247605870381540614189276572924837703948098097343927	48	-66166908135609195759734944247605870381540614189276572924837703948098097343925	48
270	div	2	108980789971911512557339806293982087718916242221354486333759881348073007658163	90	108980789971911512557339806293982087718916242221354486333759881348073007658165	90
270	div	3	66166908197231989766956310964203410400770575634393795274068499389901468935313	28	66166908197231989766956310964203410400770575634393795274068499389901468935315	28
271	neg	0	-1073741825	-4096	-1073741825	-4096
271	neg	1	-17	0	-17	0
272	add	0	-57896044564738204377484212915009923752595730985545993174647647041749344321536	-482	-57896044564738204377484212915009923752595730985545993174647647041749344321535	-482
272	add	1	-57896044564738204377484212915009923752595730985545993174647647041749344321536	-482	-57896044564738204377484212915009923752595730985545993174647647041749344321535	-482
272	add	2	108555083659983933209597798445644913612440610624038028786991485007418559037439	-253	108555083659983933209597798445644913612440610624038028786991485007418559037441	-253
272	add	3	108555083659983933209597798445644913612440610624038028786991485007418559037439	-253	108555083659983933209597798445644913612440610624038028786991485007418559037441	-253
273	sub	0	281474976710655	2	281474976710655	2
273	sub	1	-28948022309329074566901454396016385634710973625011781365112296526663647232000	53	-28948022309329074566901454396016385634710973625011781365112296526663647231999	53
273	sub	2	50659039041325835497812305941300959685805618291217746767262693003461994217471	5	50659039041325835497812305941300959685805618291217746767262693003461994217472	5
273	sub	3	-562949953421309	258	-562949953421309	258
274	mul	0	0	0	0	0
274	mul	1	-255	0	-255	0
274	mul	2	0	0	0	0
274	mul	3	15	-2	15	-2
275	neg	0	-1073741825	-4096	-1073741825	-4096
275	neg	1	-1125899906842625	-1	-1125899906842625	-1
276	add	0	-61514547407324228818772085785865451047049679353621549645961841504203850121217	1797	-61514547407324228818772085785865451047049679353621549645961841504203850121215	1797
276	add	1	-30757273703662114409386042892932725523524839676810774822980920752101925060608	7	-30757273703662114409386042892932725523524839676810774822980920752101925060607	7
276	add	2	-30757273703662114409386042892932725523524839676810774822980920752101925060608	1798	-30757273703662114409386042892932725523524839676810774822980920752101925060607	1798
276	add	3	115792089129476408754968425830019847505191461971091986349295294083498688643071	31	115792089129476408754968425830019847505191461971091986349295294083498688643073	31
277	sub	0	30757273703662114409386042892932725523524839676810774822980920752101925060607	7	30757273703662114409386042892932725523524839676810774822980920752101925060608	7
277	sub	1	57896044618658046289768076216655136583848037415617001309232990954585835175935	-205	57896044618658046289768076216655136583848037415617001309232990954585835175936	-205
277	sub	2	70368744177665	261	70368744177665	261
277	sub	3	115792089237316092579536152433310273167696074831234002618465981909171670351871	51	115792089237316092579536152433310273167696074831234002618465981909171670351873	51
278	mul	0	-15	-4158	-15	-4158
278	mul	1	255	-4033	255	-4033
278	mul	2	-1073741825	4034	-1073741825	4034
278	mul	3	18253611025	4159	18253611025	4159
279	div	0	66166908135609195759734944247605870381540614189276572924837703948098097343925	-208	66166908135609195759734944247605870381540614189276572924837703948098097343927	-208
279	div	1	115792089129476306011367316708264215253997618344549156537114906087508504805375	-237	115792089129476306011367316708264215253997618344549156537114906087508504805377	-237
279	div	2	66166908135609195759734944247605870381540614189276572924837703948098097343925	-145	66166908135609195759734944247605870381540614189276572924837703948098097343927	-145
279	div	3	115792089129476306011367316708264215253997618344549156537114906087508504805375	-174	115792089129476306011367316708264215253997618344549156537114906087508504805377	-174
280	recip	0	-57896044672577991096303586023539482649505605454718759408944059648168270266369	3811	-57896044672577991096303586023539482649505605454718759408944059648168270266367	3811
280	recip	1	-1	4096	-1	4096
281	neg	0	1073741825	2048	1073741825	2048
281	neg	1	-1125899906842625	-4096	-1125899906842625	-4096
282	add	0	-1	4098	-1	4098
282	add	1	-1	4097	-1	4097
282	add	2	-57896044618658097711785492504343953926634992332820282019728792003956564819969	3842	-57896044618658097711785492504343953926634992332820282019728792003956564819967	3842
282	add	3	-7	1	-7	1
283	sub	0	1048577	29	1048577	29
283	sub	1	57896044618658149133802908792032771269421947250023562730224593053327294463999	-206	57896044618658149133802908792032771269421947250023562730224593053327294464001	-206
283	sub	2	19807040610119340325750177791	-1	19807040610119340325750177791	-1
283	sub	3	115792089129476408754968425830019847505191461971091986349295294083498688643071	-163	115792089129476408754968425830019847505191461971091986349295294083498688643073	-163
284	mul	0	7881299347898361	0	7881299347898361	0
284	mul	1	-7516192775	-1985	-7516192775	-1985
284	mul	2	-1125899906842623	2112	-1125899906842623	2112
284	mul	3	1073741825	127	1073741825	127
285	div	0	-57896044672577991096303586023539482649505605454718759408944059648168270266369	-285	-57896044672577991096303586023539482649505605454718759408944059648168270266367	-285
285	div	1	-115792089237316092579536152433401617020029256182492094505904139959705198919617	-563	-115792089237316092579536152433401617020029256182492094505904139959705198919615	-563
285	div	2	61514547464614115539822560150010700315099705795638681872003063376178787158015	-281	61514547464614115539822560150010700315099705795638681872003063376178787158017	-281
285	div	3	61514547407324174182878580980244609041890542346948925206261574353593386926045	-558	61514547407324174182878580980244609041890542346948925206261574353593386926047	-558
286	neg	0	1125899906842623	-4096	1125899906842623	-4096
286	neg	1	-7	63	-7	63
287	add	0	-1	-257	-1	-257
287	add	1	1125899906842623	-63	1125899906842623	-63
287	add	2	-1	-257	-1	-257
287	add	3	1125899906842623	-63	1125899906842623	-63
288	sub	0	1125897759358977	0	1125897759358977	0
288	sub	1	-4294967293	-1	-4294967293	-1
288	sub	2	1	51	1	51
288	sub	3	2251799813685249	-1	2251799813685249	-1
289	mul	0	18253610991	1985	18253610991	1985
289	mul	1	-1152921504606846975	2049	-1152921504606846975	2049
289	mul	2	18253610991	-2111	18253610991	-2111
289	mul	3	-1152921504606846975	-2047	-1152921504606846975	-2047
290	neg	0	1125899906842623	63	1125899906842623	63
290	neg	1	-17	-4096	-17	-4096
291	add	0	-108555083659983933209597798445644913612440610624038028786991485007418559037441	1796	-108555083659983933209597798445644913612440610624038028786991485007418559037439	1796
291	add	1	-108555083659983933209597798445644913612440610624038028786991485007418559037441	1796	-108555083659983933209597798445644913612440610624038028786991485007418559037439	1796
291	add	2	28948022336288995523043386046838992050337126840047285432404968483081892659199	1824	28948022336288995523043386046838992050337126840047285432404968483081892659200	1824
291	add	3	28948022336288995523043386046838992050337126840047285432404968483081892659199	1824	28948022336288995523043386046838992050337126840047285432404968483081892659200	1824
292	sub	0	-57896044672577991046086772093677984100674253680094570864809936966163785318401	-162	-57896044672577991046086772093677984100674253680094570864809936966163785318399	-162
292	sub	1	-1073741827	63	-1073741827	63
292	sub	2	-57896044618658097711785492504343953926634992332820282019728792003956564819969	-255	-57896044618658097711785492504343953926634992332820282019728792003956564819967	-255
292	sub	3	-18446744073709551617	0	-18446744073709551617	0
293	mul	0	1073741825	0	1073741825	0
293	mul	1	18253611025	-4159	18253611025	-4159
293	mul	2	-1	64	-1	64
293	mul	3	-17	-4095	-17	-4095
294	neg	0	1125899906842623	2048	1125899906842623	2048
294	neg	1	-3	2048	-3	2048
295	add	0	-86844066927987146567678238756515930889952488499230423029593188005934847229953	3	-86844066927987146567678238756515930889952488499230423029593188005934847229951	3
295	add	1	57896044564738204377484212915009923752595730985545993174647647041749344321535	-162	57896044564738204377484212915009923752595730985545993174647647041749344321536	-162
295	add	2	-3	257	-3	257
295	add	3	1073741823	63	1073741823	63
296	sub	0	-1	-59	-1	-59
296	sub	1	-19807040647012828472095539217	-63	-19807040647012828472095539217	-63
296	sub	2	115792089129476408754968425830019847505191461971091986349295294083498688643071	31	115792089129476408754968425830019847505191461971091986349295294083498688643073	31
296	sub	3	115792089129476408754968425830019847505191461971091986349295294083498688643069	31	115792089129476408754968425830019847505191461971091986349295294083498688643071	31
297	mul	0	0	0	0	0
297	mul	1	0	0	0	0
297	mul	2	0	0	0	0
297	mul	3	0	0	0	0
298	neg	0	17	-1	17	-1
298	neg	1	-1125899906842623	-4096	-1125899906842623	-4096
299	add	0	11	-2047	11	-2047
299	add	1	61514547407324228818772085785865451047049679353621549645961841504203850121215	-251	61514547407324228818772085785865451047049679353621549645961841504203850121217	-251
299	add	2	57896044618658097711785492504343953926634992332820282019728792003956564819967	-256	57896044618658097711785492504343953926634992332820282019728792003956564819969	-256
299	add	3	35	-1	35	-1
300	sub	0	-1073741819	-1	-1073741819	-1
300	sub	1	-57896044564738204377484212915009923752595730985545993174647647041749344845824	-226	-57896044564738204377484212915009923752595730985545993174647647041749344845823	-226
300	sub	2	-1	1	-1	1
300	sub	3	-28948022309329048855892746252171976963317496166410141009864396037162654498816	-252	-28948022309329048855892746252171976963317496166410141009864396037162654498815	-252
301	mul	0	16106127345	-4353	16106127345	-4353
301	mul	1	-1152921504606846975	-4353	-1152921504606846975	-4353
301	mul	2	-45	-258	-45	-258
301	mul	3	3221225475	-258	3221225475	-258
302	div	0	-1	1	-1	1
302	div	1	-1	1	-1	1
302	div	2	1073741823	4159	1073741823	4159
302	div	3	1073741823	4159	1073741823	4159
303	neg	0	-3	1	-3	1
303	neg	1	-1125899906842623	257	-1125899906842623	257
304	add	0	-55340232221128654851	-1	-55340232221128654851	-1
304	add	1	-3	63	-3	63
304	add	2	55340232221128654845	-1	55340232221128654845	-1
304	add	3	3	63	3	63
305	sub	0	-51	0	-51	0
305	sub	1	-10384593717069664480433029513216017	0	-10384593717069664480433029513216017	0
305	sub	2	-30757273703662114409386042892932725523524839676810774822980920752101925060608	-249	-30757273703662114409386042892932725523524839676810774822980920752101925060607	-249
305	sub	3	-28948022309329074566901454396016385634710973625011781365112296526663647232000	-141	-28948022309329074566901454396016385634710973625011781365112296526663647231999	-141
306	mul	0	7	4096	7	4096
306	mul	1	1125899906842625	3840	1125899906842625	3840
306	mul	2	119	256	119	256
306	mul	3	19140298416324625	0	19140298416324625	0
307	div	0	57896044564738255849718395148538527397499782655734849752108496355478541991935	-235	57896044564738255849718395148538527397499782655734849752108496355478541991936	-235
307	div	1	1125899906842625	63	1125899906842625	63
307	div	2	43422033423553653320775770063501488134186971935503535507749731024712297897983	-347	43422033423553653320775770063501488134186971935503535507749731024712297897984	-347
307	div	3	3	-1	3	-1
308	neg	0	7	4096	7	4096
308	neg	1	-15	257	-15	257
309	add	0	-57896044618658149133802908792032771269421947250023562730224593053327294464001	1843	-57896044618658149133802908792032771269421947250023562730224593053327294463999	1843
309	add	1	-28948022309329074566901454396016385634710973625011781365112296526663647232000	1844	-28948022309329074566901454396016385634710973625011781365112296526663647231999	1844
309	add	2	-43422033463993573283839119378257965444976244249615211514796594002967423614976	4	-43422033463993573283839119378257965444976244249615211514796594002967423614975	4
309	add	3	170141183460469231731687303715884105743	-63	170141183460469231731687303715884105743	-63
310	sub	0	108555083659983933209597798445644913612440610624038028786991485007418559037439	-2300	108555083659983933209597798445644913612440610624038028786991485007418559037441	-2300
310	sub	1	-57896044618658097711785492504343953926634992332820282019728792003956564819968	-512	-57896044618658097711785492504343953926634992332820282019728792003956564819967	-512
310	sub	2	57896044618658097711785492504343953926634992332820282019728792003956564819967	-191	57896044618658097711785492504343953926634992332820282019728792003956564819969	-191
310	sub	3	57896044618658097711785492504343953926634992332820282019728792003956564819967	-191	57896044618658097711785492504343953926634992332820282019728792003956564819968	-191
311	mul	0	105	2049	105	2049
311	mul	1	-16106127375	-2048	-16106127375	-2048
311	mul	2	-7881299347898375	-62	-7881299347898375	-62
311	mul	3	1208925820740530155290625	-4159	1208925820740530155290625	-4159
312	recip	0	57896044618658149133802908792078443195588538006782247088550353774383063891999	-305	57896044618658149133802908792078443195588538006782247088550353774383063892001	-305
312	recip	1	57896044672577991096303586023539482649505605454718759408944059648168270266367	-2333	57896044672577991096303586023539482649505605454718759408944059648168270266369	-2333
313	neg	0	-17	-4096	-17	-4096
313	neg	1	-15	0	-15	0
314	add	0	-57896044618658097711785492504343953926634992332820282019728792003956564819969	3842	-57896044618658097711785492504343953926634992332820282019728792003956564819967	3842
314	add	1	30757273703662114409386042892932725523524839676810774822980920752101925060607	1798	30757273703662114409386042892932725523524839676810774822980920752101925060608	1798
314	add	2	-1	4097	-1	4097
314	add	3	17	2048	17	2048
315	sub	0	86844066927987146567678238756515930889952488499230423029593188005934847229951	-255	86844066927987146567678238756515930889952488499230423029593188005934847229953	-255
315	sub	1	-54277541829991966604798899222822456806220305312019014393495742503709279518720	6	-54277541829991966604798899222822456806220305312019014393495742503709279518719	6
315	sub	2	313594649253062377475	-1	313594649253062377475	-1
315	sub	3	-376626104123200845830147365392459984966141326667842070773743	63	-376626104123200845830147365392459984966141326667842070773743	63
316	mul	0	-1073741825	2049	-1073741825	2049
316	mul	1	-1073741825	2049	-1073741825	2049
316	mul	2	1	3	1	3
316	mul	3	1	3	1	3
317	div	0	108555083659984029625880453985147080991728508762716713291031913326968244797499	-302	108555083659984029625880453985147080991728508762716713291031913326968244797501	-302
317	div	1	108555083761083733305569223794136529967823010227597673891770111840315506749439	-4441	108555083761083733305569223794136529967823010227597673891770111840315506749441	-4441
317	div	2	57896044618658200555820325079812932464542083680744212157371915544809562964031	3842	57896044618658200555820325079812932464542083680744212157371915544809562964033	3842
317	div	3	57896044672578042518321050201713996652809822669887828602285686020760856985599	-297	57896044672578042518321050201713996652809822669887828602285686020760856985601	-297
318	recip	0	-57896044672577991096303586023539482649505605454718759408944059648168270266369	-285	-57896044672577991096303586023539482649505605454718759408944059648168270266367	-285
318	recip	1	-1	2047	-1	2047
319	neg	0	17	-1	17	-1
319	neg	1	-1125899906842625	-63	-1125899906842625	-63
320	add	0	3	-4096	3	-4096
320	add	1	1073741823	-2048	1073741823	-2048
320	add	2	3	-4096	3	-4096
320	add	3	1073741823	-2048	1073741823	-2048
321	sub	0	-43422033463993573283839119378257965444976244249615211514796594002967423614976	3843	-43422033463993573283839119378257965444976244249615211514796594002967423614975	3843
321	sub	1	-86844066927987146567678238756515930889952488499230423029593188005934847229953	3842	-86844066927987146567678238756515930889952488499230423029593188005934847229951	3842
321	sub	2	57896044672577991046086772093677984100674253680094570864809936966163785318399	1823	57896044672577991046086772093677984100674253680094570864809936966163785318401	1823
321	sub	3	28948022336288995523043386046838992050337126840047285432404968483081892659199	1824	28948022336288995523043386046838992050337126840047285432404968483081892659200	1824
322	mul	0	-105	6144	-105	6144
322	mul	1	-119	6144	-119	6144
322	mul	2	-15	4354	-15	4354
322	mul	3	-17	4354	-17	4354
323	div	0	51084745251757145039810728680303488758795581470135542958584228238785204252912	-255	51084745251757145039810728680303488758795581470135542958584228238785204252913	-255
323	div	1	5	-256	5	-256
323	div	2	1	2047	1	2047
323	div	3	41009698271549485879181390523910300698033119569081033097307894336135900080810	1539	41009698271549485879181390523910300698033119569081033097307894336135900080811	1539
324	recip	0	-108980789870415242751596221184647442685430573802955824978313020242741769072881	-323	-108980789870415242751596221184647442685430573802955824978313020242741769072879	-323
324	recip	1	-33083454067804627263877424288196545100934281333040161154130738287975179897125	-258	-33083454067804627263877424288196545100934281333040161154130738287975179897124	-258
325	neg	0	1	-4096	1	-4096
325	neg	1	-1125899906842625	-257	-1125899906842625	-257
326	add	0	-1446200059413988469719342081585014898671	-63	-1446200059413988469719342081585014898671	-63
326	add	1	-15	63	-15	63
326	add	2	115792089237316092579536152433310273167696074831234002618465981909171670351871	51	115792089237316092579536152433310273167696074831234002618465981909171670351873	51
326	add	3	14134776518227062082462909232581820455041024759672119460261960682271932417	64	14134776518227062082462909232581820455041024759672119460261960682271932417	64
327	sub	0	-28948022309329074566901454396016385634710973625011781365112296526663647232000	3892	-28948022309329074566901454396016385634710973625011781365112296526663647231999	3892
327	sub	1	-70368744177665	4100	-70368744177665	4100
327	sub	2	536870911	-2047	536870911	-2047
327	sub	3	-108555083659983933209597798445644913612440610624038028786991485007418559037441	3844	-108555083659983933209597798445644913612440610624038028786991485007418559037439	3844
328	mul	0	-255	-258	-255	-258
328	mul	1	-16888498602639345	1791	-16888498602639345	1791
328	mul	2	18253611025	0	18253611025	0
328	mul	3	1208925820740528007806975	2049	1208925820740528007806975	2049
329	div	0	81735592402811432063697165888485582014072930352216868733734765182056326804659	1789	81735592402811432063697165888485582014072930352216868733734765182056326804661	1789
329	div	1	1	-64	1	-64
329	div	2	108980789870415145957210496407821433569596305723514355405615041796867454448819	1837	108980789870415145957210496407821433569596305723514355405615041796867454448821	1837
329	div	3	375299968947541	-64	375299968947541	-64
330	recip	0	-57896044672577991096303586023539482649505605454718759408944059648168270266369	-348	-57896044672577991096303586023539482649505605454718759408944059648168270266367	-348
330	recip	1	-115792089237316092579536152433401617020029256182492094505904139959705198919617	-306	-115792089237316092579536152433401617020029256182492094505904139959705198919615	-306
331	neg	0	7	1	7	1
331	neg	1	-3	-257	-3	-257
