case,len_a,len_b,input_bits,elapsed_ns,allocs,reallocs,total_requested_bytes,peak_incremental_live_bytes,net_live_delta
div_q_monic_b4_q4,9,5,0,9300,2,0,784,784,0
div_q_nonmonic_b16_q16,33,17,0,18100,5,0,3992,3992,0
div_q_monic_b32_q32,65,33,0,96300,878,62,23784,9016,0
div_q_nonmonic_b32_q32,65,33,0,103700,1141,115,35016,9192,0
div_q_monic_b64_q64,129,65,0,321900,3772,284,103336,17840,0
div_q_nonmonic_b64_q64,129,65,0,370300,4136,504,151792,19472,0
div_q_nonmonic_b128_q128,257,129,0,1338800,16469,1446,939992,44640,0
div_q_monic_b256_q64,321,257,0,8782400,2,0,21616,21616,0
div_q_wide_b32_q32,65,33,0,1311400,15016,669,946984,10480,0
div_q_nonexact_b32_q32,65,33,0,113800,1156,152,36568,9224,0
unit_one,129,1,0,1000,1,0,7224,7224,0
unit_negative,129,1,0,900,1,0,7224,7224,0
